bin_index,R,candidate,power_U,start,duration,exposure,initial_signed_tensor_density,initial_RF_dQdt_per_U,Iplus_initial,Iminus_initial,Iplus_final,Iminus_final
0,-3.0,0,0.0,0.0,0.19693793171894836,0.0,0.0005334364583001128,-1.1418838792071145e-06,0.0019189253802844612,0.0007207466906886802,0.001909997071827172,0.000713791172890783
1,-2.9914285714285715,0,0.0,0.0,0.19693793171894836,0.0,0.0005393301456462663,-1.154500014577962e-06,0.0019371740723814223,0.0007257572726575772,0.0019281612913662654,0.0007187540895063128
2,-2.9828571428571427,0,0.0,0.0,0.19693793171894836,0.0,0.000545336817321824,-1.1673580062792915e-06,0.0019557311825760732,0.0007308224928903258,0.001946632528078234,0.0007237711375443851
3,-2.974285714285714,0,0.0,0.0,0.19693793171894836,0.0,0.0005514596091534011,-1.1804645669191442e-06,0.001974604576285096,0.0007359431732643715,0.0019654186149780976,0.0007288431294646462
4,-2.9657142857142857,0,0.0,0.0,0.19693793171894836,0.0,0.00055770177124692,-1.1938266537339468e-06,0.001993802391472002,0.0007411201515154403,0.0019845276547060184,0.0007339708952206855
5,-2.9571428571428573,0,0.0,0.0,0.19693793171894836,0.0,0.0005640666731544167,-1.2074514796486692e-06,0.002013333050629764,0.0007463542816147402,0.0020039680320025847,0.0007391552820860598
6,-2.9485714285714284,0,0.0,0.0,0.19693793171894836,0.0,0.0005705578093297594,-1.2213465249554373e-06,0.002033205273418963,0.0007516464341527534,0.0020237484269083157,0.0007443971544246713
7,-2.94,0,0.0,0.0,0.19693793171894836,0.0,0.0005771788048762691,-1.235519549616995e-06,0.002053428089974789,0.0007569974967362003,0.002043877828436759,0.0007496973936703481
8,-2.9314285714285715,0,0.0,0.0,0.19693793171894836,0.0,0.0005839334216255972,-1.2499786062792615e-06,0.0020740108549673546,0.0007624083743942885,0.0020643655487944082,0.0007550568985194754
9,-2.922857142857143,0,0.0,0.0,0.19693793171894836,0.0,0.0005908255645346941,-1.2647320539647996e-06,0.0020949632623903213,0.0007678799899987807,0.0020852212381934237,0.000760476585269039
10,-2.914285714285714,0,0.0,0.0,0.19693793171894836,0.0,0.0005978592884605778,-1.2797885725750092e-06,0.002116295361207674,0.0007734132846936141,0.0021064549004511037,0.0007659573882316292
11,-2.9057142857142857,0,0.0,0.0,0.19693793171894836,0.0,0.0006050388053133627,-1.2951571782020332e-06,0.002138017571864318,0.0007790092183387218,0.0021280769094201785,0.0007715002601929638
12,-2.8971428571428572,0,0.0,0.0,0.19693793171894836,0.0,0.0006123684916152514,-1.3108472393096733e-06,0.0021601407037206474,0.0007846687699659617,0.0021500980263311083,0.0007771061728905649
13,-2.888571428571429,0,0.0,0.0,0.19693793171894836,0.0,0.000619852896502994,-1.3268684938636017e-06,0.0021826759734958467,0.0007903929382476922,0.002172529418138123,0.0007827761175053135
14,-2.88,0,0.0,0.0,0.19693793171894836,0.0,0.0006274967501934933,-1.3432310674529916e-06,0.002205635024765736,0.0007961827419795895,0.002195382676918622,0.0007885111051648289
15,-2.8714285714285714,0,0.0,0.0,0.19693793171894836,0.0,0.0006353049729461305,-1.3599454924754345e-06,0.0022290299485900737,0.000802039220577217,0.002218669840401562,0.0007943121674571277
16,-2.862857142857143,0,0.0,0.0,0.19693793171894836,0.0,0.0006432826845692109,-1.377022728486614e-06,0.0022528733053773964,0.0008079634345879545,0.0022424034137315655,0.0008001803569566524
17,-2.854285714285714,0,0.0,0.0,0.19693793171894836,0.0,0.0006514352144787211,-1.3944741837322661e-06,0.002277178148003618,0.0008139564662161143,0.002266596392485016,0.0008061167477610674
18,-2.8457142857142856,0,0.0,0.0,0.19693793171894836,0.0,0.0006597681123864316,-1.412311738027327e-06,0.002301958046361793,0.0008200194198656122,0.0022912622871143202,0.0008121224360438051
19,-2.837142857142857,0,0.0,0.0,0.19693793171894836,0.0,0.0006682871596278318,-1.4305477670047202e-06,0.00232722711336433,0.0008261534226979325,0.002316415148840748,0.0008181985406204604
20,-2.8285714285714287,0,0.0,0.0,0.19693793171894836,0.0,0.0006769983812015615,-1.4491951678871827e-06,0.0023530000325590046,0.0008323596252057672,0.0023420695971567342,0.0008243462035301764
21,-2.82,0,0.0,0.0,0.19693793171894836,0.0,0.0006859080585489863,-1.4682673868434602e-06,0.0023792920874265676,0.000838639201805763,0.002368240849004376,0.0008305665906355066
22,-2.8114285714285714,0,0.0,0.0,0.19693793171894836,0.0,0.0006950227431556426,-1.487778448103811e-06,0.0024061191925405633,0.0008449933514474541,0.002394944749810611,0.000836860892238373
23,-2.802857142857143,0,0.0,0.0,0.19693793171894836,0.0,0.0007043492710048233,-1.5077429848996147e-06,0.0024334979266603324,0.0008514232982413238,0.0024221978064487395,0.0008432303237151533
24,-2.7942857142857145,0,0.0,0.0,0.19693793171894836,0.0,0.0007138947779729486,-1.528176272418986e-06,0.0024614455679586185,0.0008579302921060943,0.002450017222327904,0.0008496761261713103
25,-2.7857142857142856,0,0.0,0.0,0.19693793171894836,0.0,0.0007236667162207912,-1.5490942628941348e-06,0.0024899801315051806,0.0008645156094351746,0.0024784209347308035,0.0008561995671156719
26,-2.777142857142857,0,0.0,0.0,0.19693793171894836,0.0,0.0007336728716696649,-1.5705136230112139e-06,0.0025191204092081363,0.0008711805537838475,0.0025074276546008583,0.0008628019411560737
27,-2.7685714285714287,0,0.0,0.0,0.19693793171894836,0.0,0.0007439213826293648,-1.5924517737856305e-06,0.0025488860123637287,0.0008779264565778778,0.002537056908929104,0.0008694845707173335
28,-2.76,0,0.0,0.0,0.19693793171894836,0.0,0.000754420759691746,-1.6149269331466074e-06,0.0025792974170703734,0.0008847546778435855,0.002567329085995854,0.0008762488067816333
29,-2.7514285714285713,0,0.0,0.0,0.19693793171894836,0.0,0.0007651799069642671,-1.6379581613900938e-06,0.0026103760126754694,0.0008916666069609085,0.0025982654836350706,0.0008830960296531565
30,-2.742857142857143,0,0.0,0.0,0.19693793171894836,0.0,0.0007762081447710206,-1.661565409773011e-06,0.0026421441535419287,0.0008986636634400073,0.0026298883608075804,0.0008900276497476949
31,-2.7342857142857144,0,0.0,0.0,0.19693793171894836,0.0,0.000787515233926077,-1.6857695724732146e-06,0.0026746252143700962,0.000905747297721589,0.0026622209927183336,0.0008970451084075607
32,-2.7257142857142855,0,0.0,0.0,0.19693793171894836,0.0,0.0007991114017176271,-1.7105925422116314e-06,0.0027078436493890856,0.0009129189920039425,0.002695287729790597,0.0009041498787451642
33,-2.717142857142857,0,0.0,0.0,0.19693793171894836,0.0,0.0008110073697331406,-1.7360572698153002e-06,0.002741825055707936,0.0009201802610945978,0.0027291140607873087,0.0009113434665133306
34,-2.7085714285714286,0,0.0,0.0,0.19693793171894836,0.0,0.000823214383695444,-1.7621878280850319e-06,0.0027765962412113453,0.0009275326532897303,0.002763726680462813,0.0009186274110058979
35,-2.7,0,0.0,0.0,0.19693793171894836,0.0,0.0008357442454573437,-1.7890094802836851e-06,0.0028121852973325007,0.0009349777512822435,0.002799153562077311,0.0009260032859898267
36,-2.6914285714285713,0,0.0,0.0,0.19693793171894836,0.0,0.0008486093473637911,-1.8165487536924486e-06,0.0028486216771719526,0.0009425171730980448,0.002835424035241736,0.0009334727006687857
37,-2.682857142857143,0,0.0,0.0,0.19693793171894836,0.0,0.0008618227091717133,-1.8448335186421068e-06,0.002885936279392856,0.0009501525730637779,0.002872568869522666,0.0009410373006820071
38,-2.6742857142857144,0,0.0,0.0,0.19693793171894836,0.0,0.0008753980177502156,-1.8738930734960288e-06,0.0029241615383911006,0.0009578856428043145,0.0029106203643049066,0.0009486987691372316
39,-2.6657142857142855,0,0.0,0.0,0.19693793171894836,0.0,0.0008893496698180313,-1.90375823613473e-06,0.0029633315213218616,0.0009657181122745559,0.0029496124454925004,0.0009564588276830129
40,-2.657142857142857,0,0.0,0.0,0.19693793171894836,0.0,0.0009036928179891122,-1.9344614425219124e-06,0.00300348203259003,0.0009736517508245217,0.0029895807696544954,0.0009643192376201684
41,-2.6485714285714286,0,0.0,0.0,0.19693793171894836,0.0,0.000918443420419838,-1.9660368529801964e-06,0.003044650726464521,0.0009816883682985417,0.0030305628362753854,0.0009722818010541349
42,-2.64,0,0.0,0.0,0.19693793171894836,0.0,0.0009336182943945065,-1.9985204668971975e-06,0.00308687722857636,0.0009898298161722626,0.0030725981088688395,0.000980348362093055
43,-2.6314285714285712,0,0.0,0.0,0.19693793171894836,0.0,0.0009492351742181579,-2.031950246651977e-06,0.003130203267128775,0.0009980779887267181,0.003115728145783007,0.0009885208080922345
44,-2.6228571428571428,0,0.0,0.0,0.19693793171894836,0.0,0.000965312773828177,-2.066366251642582e-06,0.003174672814746896,0.0010064348242629425,0.00315999674162448,0.0009968010709501206
45,-2.6142857142857143,0,0.0,0.0,0.19693793171894836,0.0,0.000981870854570348,-2.1018107833687166e-06,0.003220332241965636,0.0010149023063546142,0.003205450080299964,0.001005191128455129
46,-2.605714285714286,0,0.0,0.0,0.19693793171894836,0.0,0.000998930298638666,-2.1383285426383464e-06,0.003267230483485005,0.0010234824651464808,0.0032521369008055765,0.0010136930056937204
47,-2.597142857142857,0,0.0,0.0,0.19693793171894836,0.0,0.0010165131887523008,-2.175966800125678e-06,0.0033154192184771604,0.0010321773786949415,0.0033001086770490986,0.0010223087765187362
48,-2.5885714285714285,0,0.0,0.0,0.19693793171894836,0.0,0.0010346428946768872,-2.214775581580214e-06,0.003364953066312873,0.0010409891743546544,0.0033494198130757684,0.0010310405650857666
49,-2.58,0,0.0,0.0,0.19693793171894836,0.0,0.0010533441672939685,-2.2548078691935373e-06,0.003415889799290897,0.001049920030213755,0.0034001278552843205,0.00103989054746449
50,-2.571428571428571,0,0.0,0.0,0.19693793171894836,0.0,0.0010726432409899926,-2.296119820775073e-06,0.0034682905741019593,0.0010589721765767318,0.0034522937233703015,0.0010488609533293696
51,-2.5628571428571427,0,0.0,0.0,0.19693793171894836,0.0,0.001092567945236138,-2.3387710086019137e-06,0.003522220183990917,0.001068147897501469,0.0035059819619680885,0.0010579540677436471
52,-2.5542857142857143,0,0.0,0.0,0.19693793171894836,0.0,0.0011131478263272218,-2.382824680015365e-06,0.003577747333789037,0.0010774495323875963,0.00356126101517421,0.001067172233042092
53,-2.545714285714286,0,0.0,0.0,0.19693793171894836,0.0,0.001134414280380728,-2.428348042121101e-06,0.003634944940294769,0.0010868794776213969,0.0036182035264452684,0.0010765178508289966
54,-2.5371428571428574,0,0.0,0.0,0.19693793171894836,0.0,0.001156400698813591,-2.4754125731994464e-06,0.003693890460740284,0.0010964401882795557,0.0036768866666285474,0.001085993384107849
55,-2.5285714285714285,0,0.0,0.0,0.19693793171894836,0.0,0.0011791426276847085,-2.524094363796882e-06,0.003754666252461943,0.0011061341798923334,0.003737392493272267,0.001095601359561428
56,-2.52,0,0.0,0.0,0.19693793171894836,0.0,0.0012026779424645212,-2.5744744908410174e-06,0.003817359967285498,0.0011159640302699468,0.0037998083447646418,0.0011053443700093832
57,-2.5114285714285716,0,0.0,0.0,0.19693793171894836,0.0,0.0012270470399910218,-2.626639428545147e-06,0.0038820649845798315,0.0011259323813941789,0.003864227273309641,0.0011152250770760151
58,-2.5028571428571427,0,0.0,0.0,0.19693793171894836,0.0,0.001252293049613502,-2.6806815003864366e-06,0.00394888088747904,0.001136041941379783,0.0039307485213118405,0.0011252462141123738
59,-2.494285714285714,0,0.0,0.0,0.19693793171894836,0.0,0.0012784620657944458,-2.736699377017805e-06,0.004017913987371251,0.0011462954865043777,0.003999478046368524,0.001135410589424019
60,-2.4857142857142858,0,0.0,0.0,0.19693793171894836,0.0,0.0013056034047172038,-2.7947986255670253e-06,0.004089277902384658,0.0011566958633149845,0.004070529100736549,0.0011457210898816704
61,-2.477142857142857,0,0.0,0.0,0.19693793171894836,0.0,0.0013337698878814052,-2.855092316706271e-06,0.004163094196567258,0.001167245990809711,0.00414402287215606,0.0011561806850049058
62,-2.4685714285714284,0,0.0,0.0,0.19693793171894836,0.0,0.001363018155980014,-2.9177016965431085e-06,0.004239493087166302,0.0011779488627020227,0.004220089193692607,0.0011667924316477668
63,-2.46,0,0.0,0.0,0.19693793171894836,0.0,0.0013934090169363926,-2.9827569316350255e-06,0.004318614228717602,0.0011888075497663536,0.004298867331652419,0.0011775594794455984
64,-2.4514285714285715,0,0.0,0.0,0.19693793171894836,0.0,0.0014250078324550784,-3.0503979364471247e-06,0.004400607583733626,0.0011998252022748866,0.004380506861825363,0.0011884850772421697
65,-2.442857142857143,0,0.0,0.0,0.19693793171894836,0.0,0.00145788494815193,-3.1207752940966102e-06,0.004485634391365004,0.0012110050525219237,0.0044651686460427335,0.001199572580761223
66,-2.434285714285714,0,0.0,0.0,0.19693793171894836,0.0,0.0014921161730756655,-3.1940512828254037e-06,0.0045738682470999065,0.0012223504174456027,0.00455302592289699,0.0012108254618587201
67,-2.4257142857142857,0,0.0,0.0,0.19693793171894836,0.0,0.0015277833153089402,-3.270401022517643e-06,0.004665496308525977,0.0012338647013490874,0.004644265528572116,0.00122224731971865
68,-2.4171428571428573,0,0.0,0.0,0.19693793171894836,0.0,0.001564974781447776,-3.350013757956362e-06,0.004760720644677139,0.001245551398726212,0.004739089266234113,0.0012338418943040803
69,-2.4085714285714284,0,0.0,0.0,0.19693793171894836,0.0,0.0016037862489469683,-3.4330942980584127e-06,0.00485975974915418,0.0012574140971929467,0.0048377154446544515,0.0012456130820756252
70,-2.4,0,0.0,0.0,0.19693793171894836,0.0,0.0016443214218308379,-3.5198646335627834e-06,0.004962850240613813,0.0012694564805361885,0.004940380608582241,0.0012575649531313838
71,-2.3914285714285715,0,0.0,0.0,0.19693793171894836,0.0,0.0016866928820148625,-3.6105657593853142e-06,0.005070248778128388,0.0012816823318767862,0.005047341483178761,0.001269701766796689
72,-2.3828571428571426,0,0.0,0.0,0.19693793171894836,0.0,0.0017310230505410548,-3.7054597322568017e-06,0.00518223422355644,0.0012940955369605352,0.005158877150203053,0.0012820279781791508
73,-2.374285714285714,0,0.0,0.0,0.19693793171894836,0.0,0.0017774452755855278,-3.8048319997319763e-06,0.005299110088787872,0.0013067000875743701,0.005275291461333395,0.0012945482197657886
74,-2.3657142857142857,0,0.0,0.0,0.19693793171894836,0.0,0.0018261050669927496,-3.908994042856196e-06,0.005421207312248875,0.0013195000851012814,0.00539691567286056,0.0013072672300320912
75,-2.357142857142857,0,0.0,0.0,0.19693793171894836,0.0,0.0018771615007523214,-4.018286382614234e-06,0.0055488874172632445,0.0013324997442150815,0.005524111272623445,0.0013201896937659325
76,-2.3485714285714288,0,0.0,0.0,0.19693793171894836,0.0,0.0019307888211451312,-4.133082009513762e-06,0.00568254611455655,0.0013457033967228277,0.0056572730228489,0.001333319984822822
77,-2.34,0,0.0,0.0,0.19693793171894836,0.0,0.001987178273512211,-4.253790306844012e-06,0.005822617422929803,0.0013591154955633878,0.005796832454204292,0.0013466619012848047
78,-2.3314285714285714,0,0.0,0.0,0.19693793171894836,0.0,0.002046540207028667,-4.3808615519122865e-06,0.0059695783965664755,0.00137274061896726,0.006650453072710285,0.00205194580709112
79,-2.322857142857143,0,0.0,0.0,0.19693793171894836,0.0,0.0021091064946050153,-4.514792096129186e-06,0.006123954564825693,0.0013865834747866178,0.006822572648881022,0.0020727280346386273
80,-2.314285714285714,0,0.0,0.0,0.19693793171894836,0.0,0.0021751333266513467,-4.656130345391486e-06,0.00628632621196517,0.0014006489050028333,0.007003534186559352,0.002093777407776279
81,-2.3057142857142856,0,0.0,0.0,0.19693793171894836,0.0,0.0022449044471612176,-4.805483687302764e-06,0.006457335650567495,0.0014149418904205614,0.007194117566541643,0.002115164785290585
82,-2.297142857142857,0,0.0,0.0,0.19693793171894836,0.0,0.0023187349151641582,-4.963526543007697e-06,0.006637695675218743,0.001429467555557075,0.00739511631659732,0.0021368975248447506
83,-2.2885714285714287,0,0.0,0.0,0.19693793171894836,0.0,0.0023969754926478222,-5.131009760058803e-06,0.006828199423537081,0.0014442311737363313,0.0076074144056022435,0.0021589836310170994
84,-2.28,0,0.0,0.0,0.19693793171894836,0.0,0.0024800177826272258,-5.3087716110618244e-06,0.007029731922359053,0.0014592381723972764,0.007831998707428357,0.002181431553019734
85,-2.2714285714285714,0,0.0,0.0,0.19693793171894836,0.0,0.002568300269392287,-5.497750723540528e-06,0.00724328366057955,0.0014744941386274255,0.008069973835349024,0.0022042500480469506
86,-2.262857142857143,0,0.0,0.0,0.19693793171894836,0.0,0.002662315448603426,-5.699001342750304e-06,0.007469966610191391,0.001490004824932998,0.008322579841420966,0.0022274481151482676
87,-2.2542857142857144,0,0.0,0.0,0.19693793171894836,0.0,0.0027626182801856725,-5.913711426098519e-06,0.0077110332187770875,0.0015057761552564263,0.008591213322835778,0.0022510349756106364
88,-2.2457142857142856,0,0.0,0.0,0.19693793171894836,0.0,0.002869836254567497,-6.143224191120228e-06,0.007967899026076843,0.001521814231254671,0.008877452620637133,0.002275020077819089
89,-2.237142857142857,0,0.0,0.0,0.19693793171894836,0.0,0.002984681436660808,-6.389063897042948e-06,0.008242169723133318,0.0015381253388495374,0.009183087996565227,0.0022994131131519554
90,-2.2285714285714286,0,0.0,0.0,0.19693793171894836,0.0,0.003107964946978551,-6.652966843332934e-06,0.00853567368590452,0.0015547159550677058,0.009510157924865509,0.002324224036180027
91,-2.2199999999999998,0,0.0,0.0,0.19693793171894836,0.0,0.003240614462488625,-6.9369188323444715e-06,0.00885050129195854,0.0015715927551797067,0.009860992952499485,0.002349463086298395
92,-2.2114285714285713,0,0.0,0.0,0.19693793171894836,0.0,0.0033836954800098027,-7.243200686135696e-06,0.009189052688723375,0.0015887626201574795,0.010238268986867242,0.0023751408098886314
93,-2.202857142857143,0,0.0,0.0,0.19693793171894836,0.0,0.0035384372949619366,-7.574443857058376e-06,0.009554096153466952,0.001606232644465701,0.010645072398613677,0.0024012680830237053
94,-2.1942857142857144,0,0.0,0.0,0.19693793171894836,0.0,0.0037062649245883715,-7.933698763194076e-06,0.009948839805807822,0.001624010144203192,0.011084980020819594,0.002427856135159833
95,-2.185714285714286,0,0.0,0.0,0.19693793171894836,0.0,0.0038888385701807988,-8.324519261917422e-06,0.010377020254331695,0.001642102665614315,0.011562158042726617,0.002454916574497928
96,-2.177142857142857,0,0.0,0.0,0.19693793171894836,0.0,0.004088102698589596,-8.751067714678501e-06,0.010843012849961248,0.0016605179939885898,0.012081485014811039,0.0024824614158680367
97,-2.1685714285714286,0,0.0,0.0,0.19693793171894836,0.0,0.004306347470305398,-9.2182464810824e-06,0.01135196967199541,0.001679264162969767,0.012648705805418383,0.0025105031121864236
98,-2.16,0,0.0,0.0,0.19693793171894836,0.0,0.004546286106016171,-9.731863531162121e-06,0.01190999331479808,0.0016983494642959908,0.013270625518998064,0.0025390545907703643
99,-2.1514285714285712,0,0.0,0.0,0.19693793171894836,0.0,0.004811152937213573,-1.0298842334307274e-05,0.012524357134433452,0.001717782457994179,0.013955355281806048,0.002568129296085486
100,-2.142857142857143,0,0.0,0.0,0.19693793171894836,0.0,0.005104828420263108,-1.0927489466678494e-05,0.013203786059784948,0.0017375719830541926,0.014712625651875503,0.002597741240798021
101,-2.1342857142857143,0,0.0,0.0,0.19693793171894836,0.0,0.00543199941139777,-1.162783769880233e-05,0.013958816605527042,0.001757727168606832,0.01555418847761295,0.0026279050671722533
102,-2.1257142857142854,0,0.0,0.0,0.19693793171894836,0.0,0.00579836560074374,-1.2412087892037794e-05,0.014802260565773741,0.001778257445635075,0.01649433456074743,0.0026586361205766062
103,-2.117142857142857,0,0.0,0.0,0.19693793171894836,0.0,0.006210906221594433,-1.3295179921346509e-05,0.01574980409558404,0.001799172559249229,0.017550562561199058,0.0026899505354230514
104,-2.1085714285714285,0,0.0,0.0,0.19693793171894836,0.0,0.006678224813748128,-1.4295530682024835e-05,0.01682078211424982,0.0018204825815527517,0.01874444377652516,0.002721865329968786
105,-2.1,0,0.0,0.0,0.19693793171894836,0.0,0.007210993206107208,-1.543598448700953e-05,0.01803917557063084,0.0018421979251383482,0.020102735921885072,0.002754398498320435
106,-2.0914285714285716,0,0.0,0.0,0.19693793171894836,0.0,0.007822516958399722,-1.6745023461811303e-05,0.019434881524646484,0.001864329357244738,0.02165880171635239,0.0027875690749014784
107,-2.0828571428571427,0,0.0,0.0,0.19693793171894836,0.0,0.008529438247610007,-1.8258272156116688e-05,0.021045291951001827,0.0018868880146143145,0.023454372386570436,0.00282139713354419
108,-2.0742857142857143,0,0.0,0.0,0.19693793171894836,0.0,0.009352567134407271,-2.002027696797132e-05,0.022917160904480482,0.001909885419091519,0.02554163347758092,0.002855903686025577
109,-2.065714285714286,0,0.0,0.0,0.19693793171894836,0.0,0.010317763692482614,-2.4003797068731564e-05,0.02510858593178033,0.0019333334940053373,0.028150106002120447,0.0028911104802417844
110,-2.057142857142857,0,0.0,0.0,0.19693793171894836,0.0,0.011456632841776934,-2.9570009545137426e-05,0.02769056878888478,0.001957244581379305,0.031283221221914785,0.0029270397477819702
111,-2.0485714285714285,0,0.0,0.0,0.19693793171894836,0.0,0.012806456702249348,-3.686894427058326e-05,0.0307468635155213,0.0019816314600223464,0.03502571833746139,0.0029637139553005663
112,-2.04,0,0.0,0.0,0.19693793171894836,0.0,0.014408172939212944,-4.6515995451909566e-05,0.03436943551308254,0.0020065073645474936,0.0395022353345717,0.0030011555615820163
113,-2.031428571428571,0,0.0,0.0,0.19693793171894836,0.0,0.016300333703339137,-5.928987746572024e-05,0.03864489243331925,0.0020318860053768957,0.04483232021600982,0.003039386746840976
114,-2.0228571428571427,0,0.0,0.0,0.19693793171894836,0.0,0.018506473578067516,-7.606623836232466e-05,0.04362611070525911,0.0020577815897926573,0.05109270388691513,0.0030784291126420794
115,-2.0142857142857142,0,0.0,0.0,0.19693793171894836,0.0,0.021015221701473095,-9.760664515576158e-05,0.04928756438540258,0.002084208844095493,0.05825724278719246,0.0031183034154421115
116,-2.005714285714286,0,0.0,0.0,0.19693793171894836,0.0,0.023759752144933102,-0.00012417473304603181,0.055479167634123853,0.0021111830369404273,0.06613443377074572,0.0031590294388995225
117,-1.997142857142857,0,0.0,0.0,0.19693793171894836,0.0,0.026613534431150807,-0.00015513182389695958,0.06191672976321645,0.002138720003920379,0.07435391419412002,0.0032006261019960447
118,-1.9885714285714284,0,0.0,0.0,0.19693793171894836,0.0,0.029417675884982713,-0.0001888652146280185,0.06824337030304356,0.002166836173477973,0.08244793235104417,0.003243111841462791
119,-1.98,0,0.0,0.0,0.19693793171894836,0.0,0.03202984726948661,-0.0002232547649516084,0.07413941338292701,0.0021955485942267193,0.08999709671190298,0.0032865052208630365
120,-1.9714285714285713,0,0.0,0.0,0.19693793171894836,0.0,0.03436168711510956,-0.00025638221785002945,0.07940640352123367,0.0022248749637704276,0.09674109770175954,0.0033308256446660037
121,-1.9628571428571429,0,0.0,0.0,0.19693793171894836,0.0,0.036384370181532476,-0.0002869866857430773,0.08397961326042228,0.002254833659119244,0.10259463589934639,0.0033760940296090835
122,-1.9542857142857142,0,0.0,0.0,0.19693793171894836,0.0,0.03811138527768185,-0.0003145061343752733,0.08788935958702217,0.002285443768801212,0.10759630255271212,0.0034223333163018606
123,-1.9457142857142857,0,0.0,0.0,0.19693793171894836,0.0,0.03957725128234978,-0.0003388822518017931,0.0912131969397576,0.002316725126783309,0.11184598821007868,0.0034695687691174495
124,-1.937142857142857,0,0.0,0.0,0.19693793171894836,0.0,0.04082235061221161,-0.0003603352133398341,0.09404185092852695,0.002348698348316648,0.11546055036608102,0.003517828077319072
125,-1.9285714285714286,0,0.0,0.0,0.19693793171894836,0.0,0.041884965581574216,-0.000379200417981823,0.09646133083594667,0.0023813848678358816,0.11855066332472372,0.003567141310918579
126,-1.92,0,0.0,0.0,0.19693793171894836,0.0,0.04279817928661199,-0.00039583471514110895,0.09854596857630828,0.0024148069790485235,0.1212118714238092,0.003617540796005313
127,-1.9114285714285715,0,0.0,0.0,0.19693793171894836,0.0,0.04358931236150559,-0.00041057138251153756,0.10035715360739395,0.0024489878773596833,0.12352300388413226,0.003669060964940082
128,-1.9028571428571428,0,0.0,0.0,0.19693793171894836,0.0,0.044280435156558905,-0.00042370304620117103,0.10194448340464958,0.0024839517047946505,0.1255476919379524,0.0037217382189987085
129,-1.8942857142857141,0,0.0,0.0,0.19693793171894836,0.0,0.04488921177677309,-0.00043547863835814455,0.10334765934662962,0.0025197235975853863,0.12733683194738216,0.0037756108236146127
130,-1.8857142857142857,0,0.0,0.0,0.19693793171894836,0.0,0.045429750704377846,-0.000446106541851289,0.10459839739185406,0.002556329736608912,0.12893105669311725,0.0038307188434484355
131,-1.877142857142857,0,0.0,0.0,0.19693793171894836,0.0,0.045913344360918255,-0.00045575991646348146,0.10572208930021519,0.002593797400873793,0.13036287858316603,0.003887104116653422
132,-1.8685714285714285,0,0.0,0.0,0.19693793171894836,0.0,0.046349071957054816,-0.00046458233219842486,0.10673915678124486,0.002632155024269585,0.1316584336336599,0.003944810263896509
133,-1.8599999999999999,0,0.0,0.0,0.19693793171894836,0.0,0.04674427582324102,-0.0004726929273020425,0.10766612146485915,0.0026714322558129447,0.13283885763605577,0.004003882726504338
134,-1.8514285714285714,0,0.0,0.0,0.19693793171894836,0.0,0.04710493223796437,-0.00048019083484440966,0.10851643790147106,0.0027116600236364455,0.13392135641232722,0.004064368828333348
135,-1.8428571428571427,0,0.0,0.0,0.19693793171894836,0.0,0.04743593842160188,-0.0004871588581877135,0.1093011382614557,0.002752870602996162,0.13492003342642417,0.004126317856850604
136,-1.8342857142857143,0,0.0,0.0,0.19693793171894836,0.0,0.0477413344807183,-0.0004936664702453865,0.11002933092781386,0.002795097688587889,0.13584652937833433,0.004189781159945305
137,-1.8257142857142856,0,0.0,0.0,0.19693793171894836,0.0,0.048024475443200466,-0.0004997722396831273,0.11070858698995836,0.002838376471491177,0.13671051769824968,0.004254812255982348
138,-1.8171428571428572,0,0.0,0.0,0.19693793171894836,0.0,0.04828816516097452,-0.0005055257864741764,0.11134524109131612,0.0028827437210855317,0.13752009004092508,0.004321466955443565
139,-1.8085714285714285,0,0.0,0.0,0.19693793171894836,0.0,0.04853476107841021,-0.0005109693573682767,0.11194462684221898,0.0029282378723134894,0.13828205779977815,0.004389803493171895
140,-1.8,0,0.0,0.0,0.19693793171894836,0.0,0.04876625668475615,-0.0005161390970726025,0.11251126211351542,0.0029748991186948404,0.13900218933618952,0.00445988267074845
141,-1.7914285714285714,0,0.0,0.0,0.19693793171894836,0.0,0.04898434680291276,-0.0005210660767630328,0.11304899578420577,0.003022769511536889,0.13968539779426295,0.004531768008936361
142,-1.7828571428571427,0,0.0,0.0,0.19693793171894836,0.0,0.04919047961039026,-0.000525777129225062,0.11356112469423747,0.0030718930658170424,0.14033589073688632,0.004605525910416814
143,-1.7742857142857142,0,0.0,0.0,0.19693793171894836,0.0,0.049385898346289266,-0.0005302955297349185,0.11405048743775069,0.0031223158732635063,0.1409572901171483,0.004681225833288543
144,-1.7657142857142856,0,0.0,0.0,0.19693793171894836,0.0,0.04957167495291158,-0.0005346415535853448,0.11451954004805409,0.003174086223202453,0.14155272906318886,0.004758940475982781
145,-1.7571428571428571,0,0.0,0.0,0.19693793171894836,0.0,0.04974873737217234,-0.0005388329346525253,0.11497041743871551,0.0032272547317927468,0.14212493043011684,0.004838745974405385
146,-1.7485714285714284,0,0.0,0.0,0.19693793171894836,0.0,0.0499178918197031,-0.0005428852442775352,0.11540498357285638,0.003281874480327394,0.1426762709272859,0.0049207221122550176
147,-1.74,0,0.0,0.0,0.19693793171894836,0.0,0.05007984105974234,-0.0005468122057203103,0.1158248726594175,0.003338001163340768,0.14320883376539192,0.005004952545592963
148,-1.7314285714285713,0,0.0,0.0,0.19693793171894836,0.0,0.05023519947663096,-0.0005506259563013065,0.11623152316473497,0.0033956932473338483,0.14372445211334262,0.005091525042866458
149,-1.7228571428571429,0,0.0,0.0,0.19693793171894836,0.0,0.05038450556542998,-0.0005543372668822255,0.11662620603857791,0.0034550121410019943,0.14422474515594536,0.005180531741711796
150,-1.7142857142857142,0,0.0,0.0,0.19693793171894836,0.0,0.050528232331410565,-0.0005579557264044033,0.1170100482556728,0.0035160223779370646,0.14471114816146638,0.005272069423996513
151,-1.7057142857142857,0,0.0,0.0,0.19693793171894836,0.0,0.05066679598584802,-0.0005614898976822933,0.11738405254401091,0.003578791812871003,0.1451849376738787,0.005366239810706367
152,-1.697142857142857,0,0.0,0.0,0.19693793171894836,0.0,0.050800563246263475,-0.0005649474494486078,0.11774911399324255,0.003643391832626763,0.14564725271659285,0.005463149878429163
153,-1.6885714285714286,0,0.0,0.0,0.19693793171894836,0.0,0.0509298574874514,-0.0005683352686959462,0.11810603409775867,0.0037098975830649975,0.14609911271698406,0.005562912199367782
154,-1.68,0,0.0,0.0,0.19693793171894836,0.0,0.0510549639412287,-0.0005716595566033533,0.11845553268046312,0.0037783882134361227,0.14654143272194195,0.005665645306992268
155,-1.6714285714285713,0,0.0,0.0,0.19693793171894836,0.0,0.05117613410467889,-0.0005749259107318747,0.11879825805767114,0.0038489471396979157,0.14697503636519393,0.005771474089660046
156,-1.6628571428571428,0,0.0,0.0,0.19693793171894836,0.0,0.051293589486467846,-0.0005781393956892943,0.11913479573789526,0.003921662328511672,0.14740066696057805,0.0058805302147572226
157,-1.6542857142857141,0,0.0,0.0,0.19693793171894836,0.0,0.05140752479670136,-0.0005813046040735831,0.11946567589331435,0.003996626603810185,0.1478189970263268,0.005992952586175184
158,-1.6457142857142857,0,0.0,0.0,0.19693793171894836,0.0,0.05151811066658154,-0.0005844257091907465,0.11979137979976581,0.004073937978031861,0.1482306364905339,0.0061088878382301575
159,-1.637142857142857,0,0.0,0.0,0.19693793171894836,0.0,0.051625495968562,-0.0005875065107859956,0.12011234540637511,0.0041537000103320345,0.1486361397835231,0.006228490869449512
160,-1.6285714285714286,0,0.0,0.0,0.19693793171894836,0.0,0.05172980979520231,-0.0005905504748199772,0.12042897216811407,0.004236022194335707,0.14903601198720057,0.00635192542001552
161,-1.6199999999999999,0,0.0,0.0,0.19693793171894836,0.0,0.051831163144663725,-0.0005935607681502922,0.12074162525181308,0.00432102037827253,0.14943071418239637,0.00647936469706083
162,-1.6114285714285714,0,0.0,0.0,0.19693793171894836,0.0,0.05192965035250923,-0.0005965402888402054,0.12105063920787158,0.004408817220648293,0.14982066811172856,0.006610992052464557
163,-1.6028571428571428,0,0.0,0.0,0.19693793171894836,0.0,0.05202535030253236,-0.0005994916926996327,0.12135632118467782,0.004499542684961009,0.15020626025606898,0.00674700171831062
164,-1.5942857142857143,0,0.0,0.0,0.19693793171894836,0.0,0.05211832744371385,-0.000602417416569401,0.12165895375050727,0.004593334577361055,0.15058784540690695,0.00688759960573742
165,-1.5857142857142856,0,0.0,0.0,0.19693793171894836,0.0,0.052208632635628235,-0.0006053196987797966,0.12195879737739283,0.004690339131610904,0.15096574980377522,0.007033004173565175
166,-1.5771428571428572,0,0.0,0.0,0.19693793171894836,0.0,0.05229630384065252,-0.0006082005971484902,0.12225609263303833,0.004790711646193606,0.15134027389499996,0.007183447373798697
167,-1.5685714285714285,0,0.0,0.0,0.19693793171894836,0.0,0.05238136667797186,-0.0006110620048280608,0.12255106211988805,0.004894617179002081,0.1517116947710172,0.007339175681939999
168,-1.5599999999999998,0,0.0,0.0,0.19693793171894836,0.0,0.052463834851466766,-0.0006139056642662408,0.12284391219456656,0.00500223130567966,0.15208026831187604,0.007500451220956129
169,-1.5514285714285714,0,0.0,0.0,0.19693793171894836,0.0,0.05254371046109099,-0.0006167331795032977,0.12313483449608074,0.005113740948420564,0.1524462310841169,0.007667552988797909
170,-1.5428571428571427,0,0.0,0.0,0.19693793171894836,0.0,0.052620984205128445,-0.0006195460269971107,0.12342400730702646,0.005229345282877072,0.15280980201672567,0.007840778200549608
171,-1.5342857142857143,0,0.0,0.0,0.19693793171894836,0.0,0.05269563547880567,-0.0006223455651390437,0.12371159676868995,0.005349256731762282,0.15317118388123505,0.008020443757610202
172,-1.5257142857142856,0,0.0,0.0,0.19693793171894836,0.0,0.052767632372901135,-0.0006251330425981851,0.12399775796790818,0.005473702054834419,0.1535305645967967,0.00820688785783549
173,-1.5171428571428571,0,0.0,0.0,0.19693793171894836,0.0,0.052836931574404486,-0.0006279096056117626,0.12428263591121302,0.0056029235461751235,0.15388811837748975,0.008400471762256233
174,-1.5085714285714285,0,0.0,0.0,0.19693793171894836,0.0,0.05290347816967492,-0.0006306763043204679,0.12456636639961012,0.005737180351104333,0.15424400673570732,0.008601581735936307
175,-1.5,0,0.0,0.0,0.19693793171894836,0.0,0.052967205349055524,-0.0006334340982319147,0.12484907681561229,0.005876749916694406,0.1545983793523243,0.008810631182707094
176,-1.4914285714285713,0,0.0,0.0,0.19693793171894836,0.0,0.05302803401038027,-0.0006361838608811177,0.12513088683260892,0.006021929591722682,0.15495137482125088,0.009028062995995376
177,-1.4828571428571429,0,0.0,0.0,0.19693793171894836,0.0,0.05308587225728004,-0.0006389263837443333,0.1254119090553654,0.006173038394050918,0.15530312127295665,0.009254352150754784
178,-1.4742857142857142,0,0.0,0.0,0.19693793171894836,0.0,0.05314061478658736,-0.0006416623794510414,0.12569224959932612,0.006330418965909926,0.1556537368783895,0.009490008564705816
179,-1.4657142857142857,0,0.0,0.0,0.19693793171894836,0.0,0.05319214215743512,-0.0006443924843282943,0.1259720086154437,0.006494439740443083,0.15600333023195853,0.009735580260755751
180,-1.457142857142857,0,0.0,0.0,0.19693793171894836,0.0,0.05324031993279046,-0.0006471172603015592,0.12625128076641795,0.006665497346189501,0.15635200061001492,0.009991656866779818
181,-1.4485714285714284,0,0.0,0.0,0.19693793171894836,0.0,0.053284997682125385,-0.0006498371961666694,0.1265301556595243,0.00684401928006468,0.15669983810168328,0.0102588734942554
182,-1.44,0,0.0,0.0,0.19693793171894836,0.0,0.05332600783165149,-0.0006525527082382078,0.12680871824060383,0.007030466883896683,0.15704692361501352,0.010537915044246888
183,-1.4314285714285713,0,0.0,0.0,0.19693793171894836,0.0,0.053363164345946956,-0.0006552641403697506,0.12708704915321112,0.007225338664838386,0.15739332878083293,0.01082952099939909
184,-1.4228571428571428,0,0.0,0.0,0.19693793171894836,0.0,0.053396261221885,-0.0006579717633322576,0.1273652250665075,0.0074291740061245065,0.15773911582229797,0.011134490776603069
185,-1.4142857142857141,0,0.0,0.0,0.19693793171894836,0.0,0.05342507077235193,-0.0006606757735260075,0.1276433189750217,0.007642557321860146,0.15808433754670934,0.011453689740959392
186,-1.4057142857142857,0,0.0,0.0,0.19693793171894836,0.0,0.053449341673325754,-0.0006633762909907954,0.12792140047308184,0.007866122718008524,0.15842903775257203,0.011788056020817724
187,-1.397142857142857,0,0.0,0.0,0.19693793171894836,0.0,0.05346879674329137,-0.0006660733566669273,0.12819953600640696,0.00810055923175092,0.15877325246704072,0.012138608309394287
188,-1.3885714285714286,0,0.0,0.0,0.19693793171894836,0.0,0.05348313041857548,-0.0006687669288458095,0.1284777891030583,0.008346616733216024,0.159117012331579,0.012506454857625813
189,-1.38,0,0.0,0.0,0.19693793171894836,0.0,0.053492005881839846,-0.0006714568787336511,0.12875622058572053,0.008605112587598284,0.15944948779691726,0.01288327017579042
190,-1.3714285714285714,0,0.0,0.0,0.19693793171894836,0.0,0.053495051793456726,-0.0006741429850342434,0.12903488876708347,0.008876939192363025,0.15975178983470972,0.013252930705790547
191,-1.3628571428571428,0,0.0,0.0,0.19693793171894836,0.0,0.053491858566541414,-0.0006768249274359297,0.12931384962987907,0.009163072524121794,0.16005180458417875,0.013640749856872964
192,-1.354285714285714,0,0.0,0.0,0.19693793171894836,0.0,0.05348197411576551,-0.000679502278864266,0.12959315699300786,0.009464581853564927,0.16034940615257437,0.014048005598364124
193,-1.3457142857142856,0,0.0,0.0,0.19693793171894836,0.0,0.05346489899726565,-0.0006821744963328369,0.1298728626649892,0.009782640815409643,0.16064444866943672,0.014476094204393164
194,-1.337142857142857,0,0.0,0.0,0.19693793171894836,0.0,0.053440080841614064,-0.0006848409101914809,0.13015301658590722,0.010118540054732708,0.16093676124324266,0.014926543507199595
195,-1.3285714285714285,0,0.0,0.0,0.19693793171894836,0.0,0.053406907963214484,-0.0006875007115297862,0.13043366695883407,0.010473701712654196,0.1612261433922101,0.015401027960828772
196,-1.3199999999999998,0,0.0,0.0,0.19693793171894836,0.0,0.053364702007012696,-0.0006901529374455729,0.13071486037168925,0.010849696064793033,0.1615123608436776,0.015901385771158016
197,-1.3114285714285714,0,0.0,0.0,0.19693793171894836,0.0,0.053312709465995936,-0.0006927087958826898,0.130996641910342,0.011248260687344322,0.1617898614208447,0.016455790852195912
198,-1.3028571428571427,0,0.0,0.0,0.19693793171894836,0.0,0.05325009186950691,-0.0006949172101887567,0.1312790552637095,0.011671322600703322,0.16204341491735139,0.017137712989523254
199,-1.2942857142857143,0,0.0,0.0,0.19693793171894836,0.0,0.05317591440135644,-0.0006970537582331827,0.13156214282154458,0.012121023932687396,0.16228944419485017,0.01786387432787034
200,-1.2857142857142856,0,0.0,0.0,0.19693793171894836,0.0,0.05308913265614511,-0.0006991076546969909,0.1318459457655043,0.012599751756902752,0.16252700240838652,0.018638112387988365
201,-1.2771428571428571,0,0.0,0.0,0.19693793171894836,0.0,0.05298857717967724,-0.0007010662894748853,0.13213050415407662,0.013110172902231352,0.16275497732458122,0.019464666651095235
202,-1.2685714285714285,0,0.0,0.0,0.19693793171894836,0.0,0.05287293536162157,-0.0007029148800114755,0.13241585700186317,0.013655274703926992,0.16297205744292004,0.020348224321948584
203,-1.26,0,0.0,0.0,0.19693793171894836,0.0,0.05274073015157097,-0.0007046360456169612,0.13270204235367106,0.0142384128846452,0.16317668914213257,0.021293969957777364
204,-1.2514285714285713,0,0.0,0.0,0.19693793171894836,0.0,0.05259029494801189,-0.0007062092837193969,0.13298909735384745,0.014863368026937699,0.16336702181735735,0.022307638187177233
205,-1.2428571428571427,0,0.0,0.0,0.19693793171894836,0.0,0.05241974385641344,-0.0007076103221628788,0.13327705831122397,0.015534412443010964,0.16354083672118438,0.023395567897079823
206,-1.2342857142857142,0,0.0,0.0,0.19693793171894836,0.0,0.052226936318537275,-0.000708810313898688,0.13356596076002447,0.016256389683536175,0.1636954533254124,0.02456475475803246
207,-1.2257142857142855,0,0.0,0.0,0.19693793171894836,0.0,0.05200943486799448,-0.000709774830040584,0.13385583951705696,0.017034809482227107,0.16382760408117106,0.02582289637345937
208,-1.217142857142857,0,0.0,0.0,0.19693793171894836,0.0,0.051764454450962775,-0.0007104625932869154,0.13414672873546798,0.017875961642903167,0.16393326380845302,0.027178419936807724
209,-1.2085714285714284,0,0.0,0.0,0.19693793171894836,0.0,0.05148880134439589,-0.0007108238747668147,0.1344386619553395,0.01878705328899445,0.164007412438092,0.028640474732329172
210,-1.2,0,0.0,0.0,0.19693793171894836,0.0,0.0511787991782586,-0.0007107984514708325,0.13473167215136253,0.019776375076425868,0.16404369739730276,0.030218858707761625
211,-1.1914285714285713,0,0.0,0.0,0.19693793171894836,0.0,0.05083019888467776,-0.0007103129857412126,0.1350257917778131,0.020853503506373692,0.1640339407777523,0.031923825196062953
212,-1.1828571428571428,0,0.0,0.0,0.19693793171894836,0.0,0.05043806850316197,-0.0007092776387081696,0.13532105281102816,0.022029548481827275,0.16396739932942417,0.03376567408064281
213,-1.1742857142857142,0,0.0,0.0,0.19693793171894836,0.0,0.049996657596385684,-0.0007075816600457126,0.13561748678958707,0.0233174578903556,0.16382961801448206,0.03575395424971208
214,-1.1657142857142857,0,0.0,0.0,0.19693793171894836,0.0,0.0494992294790806,-0.0007050875980926124,0.13591512485235022,0.02473239448134449,0.16360059093038928,0.037895955894145
215,-1.157142857142857,0,0.0,0.0,0.19693793171894836,0.0,0.0489378524022042,-0.0007016236339944602,0.1362139977745293,0.02629220493389862,0.16325169337430012,0.04019387601759579
216,-1.1485714285714286,0,0.0,0.0,0.19693793171894836,0.0,0.04830313808723009,-0.0006969733411449598,0.1365141360019306,0.02801800718247834,0.1627403311714944,0.04263942517931424
217,-1.14,0,0.0,0.0,0.19693793171894836,0.0,0.04758391232928019,-0.0006908618765997488,0.13681556968350406,0.02993493032446508,0.16200011918355786,0.045203288657900326
218,-1.1314285714285712,0,0.0,0.0,0.19693793171894836,0.0,0.04676679745804004,-0.0006829371780096118,0.13711832870233012,0.03207305250686573,0.16092174608188878,0.04781367028632432
219,-1.1228571428571428,0,0.0,0.0,0.19693793171894836,0.0,0.045835679833243353,-0.0006727440965336668,0.1374224427051537,0.0344685970412536,0.15931293469563731,0.050310015227625
220,-1.114285714285714,0,0.0,0.0,0.19693793171894836,0.0,0.04477102670931825,-0.0006596884321689645,0.1377279411305752,0.037165466856931825,0.15680650770778168,0.052334590849647825
221,-1.1057142857142856,0,0.0,0.0,0.19693793171894836,0.0,0.043549005074817085,-0.0006429863797744407,0.13803485323599868,0.040217223747337105,0.15261417034376168,0.05303997720935861
222,-1.097142857142857,0,0.0,0.0,0.19693793171894836,0.0,0.04214033977195437,-0.0006215926711781979,0.13834320812342607,0.04368965323146832,0.14458091418753583,0.049997968172277474
223,-1.0885714285714285,0,0.0,0.0,0.19693793171894836,0.0,0.04050882887798539,-0.0005940972903651595,0.13865303476418342,0.0476640992558099,0.13741185932129307,0.04700615056669806
224,-1.0799999999999998,0,0.0,0.0,0.19693793171894836,0.0,0.03860941144664902,-0.0005585754002753252,0.13896436202266846,0.05224180436204517,0.13755749588464786,0.051424073434164316
225,-1.0714285714285714,0,0.0,0.0,0.19693793171894836,0.0,0.03638565928696468,-0.000512367097081721,0.13927721867917126,0.0575495435527626,0.13768972534189491,0.05653549923766287
226,-1.0628571428571427,0,0.0,0.0,0.19693793171894836,0.0,0.03376654985624119,-0.00045175149202093703,0.13959163345186265,0.0637468728821614,0.13780485915523016,0.06248844776855259
227,-1.0542857142857143,0,0.0,0.0,0.19693793171894836,0.0,0.030662395649573067,-0.00037146193231167633,0.1399076350179937,0.0710352726820032,0.13789842581343725,0.06946826303944806
228,-1.0457142857142856,0,0.0,0.0,0.19693793171894836,0.0,0.026959913542617644,-0.00026396525306479797,0.1402252520343846,0.07966922258141627,0.1379662080416908,0.07770775779865177
229,-1.0371428571428571,0,0.0,0.0,0.19693793171894836,0.0,0.022516742121560712,-0.0001184013809472374,0.14054451315723818,0.08996851642999712,0.1380056012593827,0.0874988077688988
230,-1.0285714285714285,1,0.8208817507671242,0.0,0.19693793171894836,0.1616627541819067,0.017156522964036493,8.093179384593957e-05,0.14086544706135146,0.10232931050147653,0.11768545487752954,0.07815331115722787
231,-1.0199999999999998,1,2.4694446716640854,0.0,0.19693793171894836,0.4863273261319025,0.010667470960665797,0.0003566014963798784,0.1411880824587584,0.11722733478567769,0.08543837608408396,0.050061364620813426
232,-1.0114285714285713,1,3.268388480158551,0.0,0.19693793171894836,0.6436696673364621,0.002811027729534554,0.0007403323567776439,0.1415124481168627,0.1351984561334053,0.07308544938732485,0.037722456684422735
233,-1.0028571428571427,1,3.620817780964013,0.0,0.19693793171894836,0.713076364914245,-0.006646368494767969,0.001274455657209837,0.1418385728760915,0.15676731831469343,0.0681312654832704,0.0309357143004145
234,-0.9942857142857142,1,3.719261853913971,0.0,0.19693793171894836,0.7324637370309989,-0.017857075464175535,0.0020093887534914858,0.1421664856671227,0.18227616873577077,0.06670356811238944,0.026671101456820303
235,-0.9857142857142858,1,3.67365771139122,0.0,0.19693793171894836,0.7234825515247522,-0.03074886427004413,0.002990775960823732,0.14249621552771788,0.2115627994186004,0.06716142146199988,0.023765150824022207
236,-0.9771428571428569,1,3.5555095966485712,0.0,0.19693793171894836,0.7002147061708419,-0.044823132344203806,0.0042286248723531015,0.14282779161919523,0.24350730300261492,0.06859972103649074,0.0217063687268635
237,-0.9685714285714284,1,3.4150425604942303,0.0,0.19693793171894836,0.6725514185959153,-0.05900099660970997,0.005651816418049394,0.1431612432425868,0.2756863747792388,0.07039816515034954,0.020247787734787387
238,-0.96,1,3.2867644154994577,0.0,0.19693793171894836,0.6472885860359014,-0.07173955848692655,0.007082835551272064,0.14349659985449895,0.3046344614359183,0.0720989711219225,0.019249485932253348
239,-0.9514285714285715,1,3.1896052618204247,0.0,0.19693793171894836,0.6281542632627892,-0.08154858129338236,0.008285796032896215,0.14383389108272124,0.32700429638997924,0.073419670580161,0.018620281898457103
240,-0.9428571428571426,1,3.1294637073467935,0.0,0.19693793171894836,0.6163101099143898,-0.08762281921487074,0.009079638619114887,0.1441731467416009,0.3409872059833027,0.07424951923996091,0.018277230636759127
241,-0.9342857142857142,1,3.1026936381517527,0.0,0.19693793171894836,0.6110380678551454,-0.09007119527226809,0.009418751654863604,0.14451439684721865,0.3468278777546954,0.07462167010982547,0.018150119707550576
242,-0.9257142857142857,1,3.101542140533127,0.0,0.19693793171894836,0.6108112942957539,-0.08962776718746693,0.009376040619740204,0.14485767163239138,0.3461751462240079,0.07463974098665614,0.018179782982102745
243,-0.9171428571428573,1,3.1174361300462063,0.0,0.19693793171894836,0.6139414237172224,-0.08720186384599714,0.009072333678359967,0.14520300156152308,0.3410715315946239,0.07442606901685174,0.018327501605175562
244,-0.9085714285714284,1,3.1442681796461347,0.0,0.19693793171894836,0.6192256720692125,-0.0835831856096278,0.008620001799732793,0.14555041734533591,0.3332908506204107,0.07406885886289867,0.01855173082945655
245,-0.8999999999999999,1,3.1766667993116267,0.0,0.19693793171894836,0.6256061892166833,-0.07934617101047024,0.008101024704113257,0.1458999499554969,0.3241234098006067,0.07364555885719525,0.01883672101327609
246,-0.8914285714285715,1,3.2111580127850563,0.0,0.19693793171894836,0.6323988174606173,-0.07486671179174632,0.007567208971311086,0.14625163063916966,0.31441354989537484,0.07320509258261369,0.01916882099846751
247,-0.8828571428571426,1,3.2465885831713552,0.0,0.19693793171894836,0.6393764407121176,-0.07037341260623431,0.007047958967266257,0.1466054909335094,0.30467478294932093,0.0727619878048,0.019522397149523342
248,-0.8742857142857141,1,3.2800502592605736,0.0,0.19693793171894836,0.6459663139929777,-0.06599660682783982,0.006558176294236075,0.14696156268012284,0.29519988920684226,0.07235633230259834,0.01991242710547127
249,-0.8657142857142857,1,3.3118676560710765,0.0,0.19693793171894836,0.6522323663135192,-0.06180484908024559,0.006104105872549592,0.14731987803951505,0.286142884846393,0.07198112765006814,0.020316869762739723
250,-0.8571428571428572,1,3.341181207765419,0.0,0.19693793171894836,0.6580053165555394,-0.05782932256127781,0.0056871298583418915,0.14768046950554195,0.2775738445243543,0.07164694509566283,0.020737499698279618
251,-0.8485714285714283,1,3.367713553748925,0.0,0.19693793171894836,0.6632305418971828,-0.05407930320646691,0.005306065431895524,0.14804336991988787,0.2695136362317612,0.07135620105836324,0.021171955149577187
252,-0.8399999999999999,1,3.391409751539239,0.0,0.19693793171894836,0.6678972220796103,-0.050551669535319775,0.004958497739974786,0.14840861248658643,0.2619552818569642,0.07110842327252821,0.02161748789112645
253,-0.8314285714285714,1,3.4121606777067317,0.0,0.19693793171894836,0.6719838665602889,-0.04723664311688755,0.004641527174915507,0.1487762307866077,0.25487685115113057,0.0709042250984762,0.02207395413815393
254,-0.822857142857143,1,3.4299600019579515,0.0,0.19693793171894836,0.675489228664319,-0.04412120288009232,0.004352173038975373,0.14914625879252208,0.24824913079853816,0.07074300185109102,0.022540924108318074
255,-0.8142857142857141,1,3.4448728009508374,0.0,0.19693793171894836,0.6784261244541184,-0.041191082791318855,0.004087580075800461,0.14951873088326717,0.24204011151632235,0.0706233490871335,0.023017716712004723
256,-0.8057142857142856,1,3.456969495750984,0.0,0.19693793171894836,0.6808084225086946,-0.03843191326404461,0.0038451140645601595,0.14989368185902857,0.23621755184742865,0.07054397884802431,0.02350406618188232
257,-0.7971428571428572,1,3.4663154320009886,0.0,0.19693793171894836,0.6826489918637476,-0.03582984798133182,0.00362239638544605,0.1502711469562568,0.2307503861134262,0.07050383817176091,0.02400008675628741
258,-0.7885714285714283,1,3.4729770735781114,0.0,0.19693793171894836,0.6839609217777992,-0.03337188360805449,0.0034173061333636953,0.15065116186283595,0.2256094425515278,0.07050199366990535,0.02450606290696323
259,-0.7799999999999998,1,3.4770222013614847,0.0,0.19693793171894836,0.6847575608769956,-0.03104599821243686,0.0032279659681585045,0.15103376273341948,0.22076775424556763,0.07053760724503765,0.025022366341564302
260,-0.7714285714285714,1,3.4785165672128175,0.0,0.19693793171894836,0.6850518581969884,-0.02884118464588186,0.0030527207434242576,0.15141898620495475,0.2162006341176491,0.07060996739554716,0.025549451260699112
261,-0.7628571428571429,1,3.477521348391228,0.0,0.19693793171894836,0.684855861860657,-0.026747425010959416,0.0028901138536203495,0.15180686941240856,0.21188561759512534,0.07071851302890932,0.026087857036697117
262,-0.754285714285714,1,3.4740920448349213,0.0,0.19693793171894836,0.6841805019110414,-0.02475563400627433,0.0027388638973935113,0.15219745000471477,0.20780233537057907,0.07086283983931041,0.026638203115896607
263,-0.7457142857142856,1,3.468278106192106,0.0,0.19693793171894836,0.6830355168595845,-0.022857587742452064,0.0025978429297346447,0.1525907661609598,0.20393235352798492,0.07104269893350369,0.027201182253531117
264,-0.7371428571428571,1,3.460122803612136,0.0,0.19693793171894836,0.681429428436943,-0.021045847781698553,0.002466056836633798,0.1529868566068205,0.20025900294054705,0.07125799425179456,0.027777556294399774
265,-0.7285714285714286,1,3.449663212004484,0.0,0.19693793171894836,0.6793695380991072,-0.01931368597394025,0.002342627964261744,0.15338576063128007,0.1967672104580574,0.07150878036257258,0.028368154584590875
266,-0.7199999999999998,1,3.4369302831343735,0.0,0.19693793171894836,0.6768619414227031,-0.017655013118154057,0.0022267799261625806,0.15378751810362748,0.19344333868648847,0.07179526061305969,0.028973874034566503
267,-0.7114285714285713,1,3.421948985436896,0.0,0.19693793171894836,0.6739115556396961,-0.016064312940396785,0.0021178244128283764,0.154192169490771,0.190275037710011,0.07211778574725324,0.029595680315454585
268,-0.7028571428571428,1,3.404738474083154,0.0,0.19693793171894836,0.6705221531298646,-0.014536581964682221,0.0020151497898453995,0.15459975587487335,0.18725111004955466,0.07247685334800497,0.030234610132540283
269,-0.694285714285714,1,3.385312260618552,0.0,0.19693793171894836,0.6666963948290151,-0.013067275321054426,0.0019182112655073058,0.1550103189713358,0.1843613889575563,0.07287310843629594,0.030891774640036104
270,-0.6857142857142855,1,3.3636783649944095,0.0,0.19693793171894836,0.6624358601697728,-0.011652258239366909,0.001826522420280576,0.15542390114714083,0.18159662948402072,0.07330734541219007,0.031568364008721456
271,-0.677142857142857,1,3.3398394434348027,0.0,0.19693793171894836,0.6577410722634136,-0.01028776282549393,0.0017396479096435868,0.1558405454395812,0.17894841140810386,0.07378051140446881,0.03226565310356061
272,-0.6685714285714286,1,3.313792890625946,0.0,0.19693793171894836,0.6526115180248291,-0.008970349651766822,0.0016571971735332733,0.15626029557538834,0.17640905298357254,0.07429371105330479,0.032985008226032946
273,-0.6599999999999997,1,3.2855309159166293,0.0,0.19693793171894836,0.647045663179283,-0.0076968736796706036,0.00157881900721275,0.15668319599028294,0.17397153441559443,0.07484821276105769,0.03372789491170742
274,-0.6514285714285712,1,3.2550405929027812,0.0,0.19693793171894836,0.641040962027493,-0.006464454048127589,0.0015041968684696067,0.15710929184896893,0.17162943002066458,0.07544545647848903,0.034495886820560644
275,-0.6428571428571428,1,3.222303881317055,0.0,0.19693793171894836,0.6345938617565204,-0.0052704472913903564,0.001433044814089545,0.1575386290655882,0.16937684809040945,0.0760870631279919,0.035290675799948046
276,-0.6342857142857143,1,3.187297619980571,0.0,0.19693793171894836,0.6276998010517003,-0.00411242358832432,0.0013651039743680956,0.15797125432466008,0.1672083775648362,0.07677484579617132,0.036114083234227275
277,-0.6257142857142854,1,3.1499934896496424,0.0,0.19693793171894836,0.6203532027797531,-0.002988145684746959,0.0013001394880962768,0.1584072151025294,0.16511904071017663,0.07751082285659934,0.03696807282368668
278,-0.617142857142857,1,3.110357944719417,0.0,0.19693793171894836,0.6125474605386411,-0.0018955501696143323,0.0012379378321605641,0.15884655968933975,0.16310425108435445,0.07829723321345855,0.03785476496291611
279,-0.6085714285714285,1,3.068352112801284,0.0,0.19693793171894836,0.6042749188805502,-0.0008327308226533365,0.0011783044898547976,0.15928933721156147,0.16115977615578422,0.07913655389090316,0.03877645291867199
280,-0.6000000000000001,1,3.0239316611112743,0.0,0.19693793171894836,0.5955268469986982,0.0002020762152210134,0.0011210619104381572,0.15973559765509526,0.15928170401699718,0.08003152023361114,0.03973562104195639
281,-0.5914285714285712,1,2.977046628399535,0.0,0.19693793171894836,0.586293405627873,0.0012105056669746892,0.0010660477196040513,0.1601853918889769,0.15746641370284767,0.08098514903214035,0.04073496528982548
282,-0.5828571428571427,1,2.9276412208267475,0.0,0.19693793171894836,0.5765636068447566,0.0021940749312191507,0.0010131131465443404,0.1606387716897068,0.15571054868383918,0.08200076494400672,0.0417774163808413
283,-0.5742857142857143,1,2.875653569781782,0.0,0.19693793171894836,0.5663252663730347,0.0031541946479866152,0.0009621216383724611,0.16109578976623556,0.15401099315878586,0.08308203064892448,0.04286616596515472
284,-0.5657142857142854,1,2.8210154491430597,0.0,0.19693793171894836,0.5555649479014343,0.004092178164841259,0.0009129476369558964,0.16155649978562778,0.15236485081816353,0.084232981256482,0.04400469625790579
285,-0.5571428571428569,1,2.763651948920552,0.0,0.19693793171894836,0.5442678988114542,0.005009250031298644,0.0008654754968286278,0.1620209563994351,0.1507694257907373,0.08545806357907249,0.04519681366490762
286,-0.5485714285714285,1,2.7034811015674505,0.0,0.19693793171894836,0.5324179765839578,0.005906553633505376,0.0008195985259151238,0.16248921527080715,0.14922220552203005,0.08676218099521799,0.046446687025423115
287,-0.54,1,2.6404134565103043,0.0,0.19693793171894836,0.5199975650080187,0.006785158067185241,0.0007752181333881237,0.1629613331023728,0.14772084536453167,0.08815074476253926,0.047758891211482496
288,-0.5314285714285711,1,2.5743515975899234,0.0,0.19693793171894836,0.5069874791467299,0.007646064334711789,0.0007322430711793066,0.16343736766491704,0.146263154686816,0.08962973280044893,0.049138456961277756
289,-0.5228571428571427,1,2.505189597106368,0.0,0.19693793171894836,0.49336685781795364,0.008490210941618328,0.000690588757526842,0.1639173778268973,0.144847084332453,0.09120575715636743,0.05059092799088979
290,-0.5142857142857142,1,2.4328123989827977,0.0,0.19693793171894836,0.4791130421158851,0.009318478958658128,0.000650176672531041,0.16440142358482052,0.14347071528023492,0.09288614160375207,0.0521224266311827
291,-0.5057142857142858,1,2.3570951221528897,0.0,0.19693793171894836,0.46420143822161203,0.010131696607548544,0.0006109338170411143,0.16488956609452698,0.14213224837518812,0.0946790111054317,0.05373972948376551
292,-0.4971428571428569,1,2.2779022735727326,0.0,0.19693793171894836,0.448605362415304,0.01093064342156229,0.000572792227351189,0.16538186770341035,0.1408299950154773,0.09659339522433469,0.05545035489296375
293,-0.48857142857142843,1,2.1950868581774388,0.0,0.19693793171894836,0.4322958657929093,0.011716054026075675,0.000535688539171136,0.16587839198361765,0.13956236869392535,0.09863934799190206,0.05726266440412467
294,-0.48,1,2.1084893705366605,0.0,0.19693793171894836,0.41524153568487726,0.012488621578885946,0.0004995635951848807,0.16637920376626475,0.13832787730475654,0.10082808727344235,0.0591859808414694
295,-0.4714285714285711,1,2.017936649778774,0.0,0.19693793171894836,0.39740827014729563,0.013249000905499433,0.00046436209123579047,0.16688436917671262,0.13712511613654355,0.10317215732678713,0.061230726215649886
296,-0.46285714285714263,1,1.9232405753840067,0.0,0.19693793171894836,0.3787590211140865,0.013997811360549997,0.0004300322568047848,0.1673939556709438,0.1359527614814067,0.10568561907196797,0.06340858339509672
297,-0.4542857142857142,1,1.8241965764999948,0.0,0.19693793171894836,0.3592535008246953,0.014735639442978805,0.0003965255659862177,0.16790803207308763,0.13480956479845113,0.10838427362343193,0.06573268638975373
298,-0.44571428571428573,1,1.7205819213139084,0.0,0.19693793171894836,0.3388478449365755,0.01546304118950702,0.00036379647563285845,0.1684266686141405,0.13369434737638677,0.11128592594741903,0.06821784526016565
299,-0.43714285714285683,1,1.612153745610928,0.0,0.19693793171894836,0.31749422427357177,0.016180544368216386,0.0003318021877447309,0.16894993697192767,0.13260599544637738,0.11441069718391804,0.07088081315992865
300,-0.4285714285714284,1,1.4986467711096816,0.0,0.19693793171894836,0.2951403954796209,0.016888650491668197,0.00030050243352635725,0.16947791031236228,0.1315434557015311,0.11778139633805851,0.07374060495690159
301,-0.41999999999999993,1,1.3797706554012663,0.0,0.19693793171894836,0.2717291791212232,0.01758783666688492,0.0002698592768411398,0.17001066333205073,0.13050573118416797,0.12142396487085483,0.07681887941382746
302,-0.4114285714285715,1,1.2552069090040279,0.0,0.19693793171894836,0.24719785253858748,0.0182785572976734,0.0002398369350559387,0.17054827230230454,0.1294918775061578,0.12536801144538587,0.08014040025762098
303,-0.4028571428571426,1,1.124605317824832,0.0,0.19693793171894836,0.221477445292553,0.018961245653129368,0.00021040161549986796,0.17109081511461324,0.1285009993712946,0.12964745904630876,0.08373359592057793
304,-0.39428571428571413,1,0.9875798358194353,0.0,0.19693793171894836,0.1944919302736182,0.019636315314725154,0.00018152136596262693,0.1716383713276426,0.12753224737191896,0.13430133333442845,0.08763124366751542
305,-0.3857142857142857,1,0.8437039915673752,0.0,0.19693793171894836,0.16615731908229991,0.02030416151310044,0.0001531659378342191,0.17219102221581986,0.12658481503486868,0.1393747299505202,0.09187131162521629
306,-0.3771428571428572,1,0.6925051977202157,0.0,0.19693793171894836,0.13638054134364067,0.02096516236454835,0.00012530666064233494,0.1727488508195753,0.12565793609438652,0.1449200383991833,0.09649803037008148
307,-0.36857142857142833,1,0.5334406210103567,0.0,0.19693793171894836,0.10505469259665104,0.021619680016181947,9.791632687949648e-05,0.17331194199730665,0.12475088197186833,0.1509991334061055,0.10156389309638533
308,-0.3599999999999999,1,0.36595959025999136,0.0,0.19693793171894836,0.0720713247985165,0.022268061707877807,7.096908613128336e-05,0.1738803824791444,0.1238629594443428,0.15768294568821684,0.10712900633466181
309,-0.3514285714285714,1,0.1894338094259138,0.0,0.19693793171894836,0.03730670262598089,0.022910640758295617,4.4440347622240104e-05,0.17445426092258962,0.12299350848536061,0.16505608749356832,0.11326540518957283
310,-0.3428571428571425,1,0.003270089344063548,0.0,0.19693793171894836,0.0006440046319560476,0.023547737481571223,1.8306690388613842e-05,0.17503366797010986,0.12214190026355955,0.1732153104599785,0.12005515761269338
311,-0.3342857142857141,0,0.0,0.0,0.19693793171894836,0.0,0.024179660040644858,-7.454219630809958e-06,0.17561869630877344,0.12130753528559515,0.17401787752757256,0.11945189259613533
312,-0.3257142857142856,0,0.0,0.0,0.19693793171894836,0.0,0.02480670524262883,-3.286370622217877e-05,0.1762094407320134,0.12048984167138888,0.17468049961229923,0.11871902986075984
313,-0.31714285714285717,0,0.0,0.0,0.19693793171894836,0.0,0.025429159281110947,-5.794215381435509e-05,0.17680599820361204,0.11968827355078722,0.1753392453014453,0.1179917399402721
314,-0.3085714285714283,0,0.0,0.0,0.19693793171894836,0.0,0.02604729842984383,-8.270907320216176e-05,0.17740846792400475,0.11890230957173459,0.17599517390489067,0.11727068437894196
315,-0.2999999999999998,0,0.0,0.0,0.19693793171894836,0.0,0.026661389691864316,-0.00010718316253949836,0.17801695139900553,0.11813145151097935,0.17664955573439503,0.11655668981629504
316,-0.29142857142857137,0,0.0,0.0,0.19693793171894836,0.0,0.02727169140772579,-0.00013138236402169965,0.17863155251106033,0.11737522297914516,0.1773036549999302,0.11585054662567607
317,-0.2828571428571429,0,0.0,0.0,0.19693793171894836,0.0,0.027878453826201556,-0.00015532391663639267,0.17925237759314191,0.11663316821274022,0.17795861885182757,0.11515291253144476
318,-0.274285714285714,0,0.0,0.0,0.19693793171894836,0.0,0.028481919640525592,-0.00017902440532629527,0.1798795355054052,0.115904850946335,0.1786154410447521,0.11446428680799473
319,-0.26571428571428557,0,0.0,0.0,0.19693793171894836,0.0,0.029082324492973193,-0.0002024998068754269,0.1805131377147267,0.11518985335873774,0.17927496495645764,0.11378501997948205
320,-0.2571428571428571,0,0.0,0.0,0.19693793171894836,0.0,0.029679897450348863,-0.00022576553280167204,0.1811532983772606,0.11448777508753263,0.1799379025821339,0.11311533670084611
321,-0.24857142857142822,0,0.0,0.0,0.19693793171894836,0.0,0.03027486145273351,-0.00024883646951299684,0.1818001344241473,0.11379823230683485,0.18060485733545176,0.11245536064273096
322,-0.23999999999999977,0,0.0,0.0,0.19693793171894836,0.0,0.030867433737653265,-0.00027172701596183096,0.18245376565052177,0.11312085686355183,0.18127634539617654,0.11180513682253748
323,-0.23142857142857132,0,0.0,0.0,0.19693793171894836,0.0,0.031457826241656654,-0.0002944511190115178,0.18311431480797397,0.11245529546784053,0.1819528138532537,0.11116465007671351
324,-0.22285714285714286,0,0.0,0.0,0.19693793171894836,0.0,0.03204624598113013,-0.0003170223067103314,0.1837819077006202,0.11180120893380992,0.18263465544507065,0.11053383974619486
325,-0.21428571428571397,0,0.0,0.0,0.19693793171894836,0.0,0.03263289541404264,-0.000339453719652122,0.18445667328495866,0.11115827146684368,0.18332222028199072,0.1099126111206428
326,-0.20571428571428552,0,0.0,0.0,0.19693793171894836,0.0,0.03321797278417894,-0.0003617581405876693,0.18513874377368525,0.11052616999421615,0.18401582508656705,0.10930084427188994
327,-0.19714285714285706,0,0.0,0.0,0.19693793171894836,0.0,0.033801672449307305,-0.00038394802243757714,0.18582825474365788,0.10990460353594234,0.18471576046429425,0.10869840084580891
328,-0.1885714285714286,0,0.0,0.0,0.19693793171894836,0.0,0.034384185194623454,-0.0004060355148455423,0.186525345248211,0.10929328261305032,0.18542229663916593,0.10810512928046463
329,-0.17999999999999972,0,0.0,0.0,0.19693793171894836,0.0,0.034965698532715875,-0.00042803248939998913,0.18723015793402675,0.10869192869068485,0.18613568800185548,0.10752086881847091
330,-0.17142857142857126,0,0.0,0.0,0.19693793171894836,0.0,0.03554639699121355,-0.00044995056364241173,0.18794283916278534,0.1081002736536579,0.18685617674166785,0.10694545259662502
331,-0.1628571428571428,0,0.0,0.0,0.19693793171894836,0.0,0.03612646238920142,-0.0004718011239721,0.18866353913783068,0.10751805931224322,0.18758399577083448,0.10637871002837375
332,-0.15428571428571436,0,0.0,0.0,0.19693793171894836,0.0,0.03670607410341531,-0.0004935953475489474,0.1893924120360945,0.10694503693618658,0.18831937110082103,0.10582046864260637
333,-0.14571428571428546,0,0.0,0.0,0.19693793171894836,0.0,0.037285409325169605,-0.0005153442232891979,0.1901296161455427,0.10638096681505389,0.18906252379284194,0.10527055550272026
334,-0.137142857142857,0,0.0,0.0,0.19693793171894836,0.0,0.037864643308912614,-0.0005370585720425767,0.19087531400842062,0.10582561784318385,0.189813671576397,0.10472879830007661
335,-0.12857142857142856,0,0.0,0.0,0.19693793171894836,0.0,0.03844394961325205,-0.0005587490660335967,0.19162967257058597,0.10527876712764082,0.19057303020828514,0.10419502619343517
336,-0.11999999999999966,0,0.0,0.0,0.19693793171894836,0.0,0.03902350033525247,-0.0005804262476449469,0.19239286333724312,0.10474019961768223,0.19134081462863853,0.10366907044879978
337,-0.11142857142857121,0,0.0,0.0,0.19693793171894836,0.0,0.03960346633875989,-0.0006021005476161795,0.19316506253540108,0.10420970775436485,0.19211723995868454,0.10315076492090784
338,-0.10285714285714276,0,0.0,0.0,0.19693793171894836,0.0,0.04018401747747934,-0.0006237823027271704,0.19394645128340698,0.10368709113901244,0.19290252237662894,0.10263994640701983
339,-0.0942857142857143,0,0.0,0.0,0.19693793171894836,0.0,0.04076532281349267,-0.000645481773032105,0.19473721576791714,0.103172156219363,0.1936968799025392,0.10213645489470653
340,-0.08571428571428541,0,0.0,0.0,0.19693793171894836,0.0,0.041347550831882324,-0.0006672091587068797,0.19553754742869986,0.10266471599229395,0.19450053312076174,0.10164013371680784
341,-0.07714285714285696,0,0.0,0.0,0.19693793171894836,0.0,0.04193086965209792,-0.0006889746165699795,0.19634764315167824,0.1021645897221043,0.1953137058696996,0.10115082961717635
342,-0.0685714285714285,0,0.0,0.0,0.19693793171894836,0.0,0.04251544723668487,-0.0007107882763347352,0.19716770547065648,0.1016716026734044,0.19613662593573503,0.10066839271816168
343,-0.06000000000000005,0,0.0,0.0,0.19693793171894836,0.0,0.043101451597974204,-0.0007326602566488144,0.19799794277818908,0.10118558585772884,0.1969695258033937,0.10019267636231166
344,-0.05142857142857116,0,0.0,0.0,0.19693793171894836,0.0,0.04368905100332203,-0.0007546006809753487,0.1988385695460917,0.10070637579304878,0.19781264353986366,0.0997235367762785
345,-0.042857142857142705,0,0.0,0.0,0.19693793171894836,0.0,0.04427841417947142,-0.0007766196933686635,0.199689806556116,0.10023381427541908,0.19866622391289374,0.09926083249497766
346,-0.03428571428571425,0,0.0,0.0,0.19693793171894836,0.0,0.04486971051660565,-0.0007987274741967802,0.20055188114134798,0.09976774816204195,0.199530519734784,0.0988044236237676
347,-0.025714285714285356,0,0.0,0.0,0.19693793171894836,0.0,0.045463110272651854,-0.000820934255862017,0.20142502743892132,0.099308029165084,0.2004057925649686,0.09835417194505704
348,-0.017142857142856904,0,0.0,0.0,0.19693793171894836,0.0,0.04605878477839533,-0.0008432503385708066,0.20230948665468013,0.09885451365562108,0.2012923080308812,0.09790994673375636
349,-0.008571428571428452,0,0.0,0.0,0.19693793171894836,0.0,0.04665690664396167,-0.0008656861062036256,0.2032055073404619,0.09840706247713131,0.20219031276815208,0.0974716483762503
350,0.0,0,0.0,0.0,0.19693793171894836,0.0,0.04725764996722753,-0.000888252042336151,0.2041133456847166,0.09796554076799213,0.20310000316962903,0.0970392356063171
351,0.008571428571428896,0,0.0,0.0,0.19693793171894836,0.0,0.047861190544727324,-0.0009109587464632946,0.205033265817228,0.09752981779247331,0.20402159589459942,0.09661264915929224
352,0.01714285714285735,0,0.0,0.0,0.19693793171894836,0.0,0.04846770608562836,-0.0009338169504783825,0.20596554012874752,0.0970997667797507,0.20495543573336827,0.0961917142341965
353,0.0257142857142858,0,0.0,0.0,0.19693793171894836,0.0,0.04907737642936112,-0.0009568375354609246,0.20691044960641383,0.09667526477049508,0.20590189805261447,0.09577624728640956
354,0.03428571428571425,0,0.0,0.0,0.19693793171894836,0.0,0.04969038376750199,-0.000980031548827655,0.20786828418588232,0.09625619247061978,0.20686131258281357,0.09536612567160388
355,0.04285714285714315,0,0.0,0.0,0.19693793171894836,0.0,0.050306912870523725,-0.001003410221903173,0.208839343121156,0.09584243411179572,0.20783399137157135,0.09496125609737757
356,0.0514285714285716,0,0.0,0.0,0.19693793171894836,0.0,0.05092715132004853,-0.0010269849879685107,0.20982393537317737,0.09543387731836794,0.2088202531229735,0.09456155124075158
357,0.06000000000000005,0,0.0,0.0,0.19693793171894836,0.0,0.05155128974726106,-0.0010507675008482003,0.21082238001831308,0.0950304129803289,0.2098204296647768,0.09416692466071087
358,0.0685714285714285,0,0.0,0.0,0.19693793171894836,0.0,0.052179522078162975,-0.0010747696540989735,0.21183500667794145,0.09463193513202678,0.21083486670652654,0.0937772910741494
359,0.0771428571428574,0,0.0,0.0,0.19693793171894836,0.0,0.052812045786383856,-0.0010990036008663902,0.212862155970443,0.09423834083630517,0.2118639237813831,0.0933925672782898
360,0.08571428571428585,0,0.0,0.0,0.19693793171894836,0.0,0.05344906215429136,-0.0011234817744788365,0.21390417998697941,0.09384953007378889,0.21290797438570913,0.09301267285440214
361,0.0942857142857143,0,0.0,0.0,0.19693793171894836,0.0,0.05409077654318542,-0.0011482169098523823,0.21496144279255477,0.0934654056370486,0.2139674063969807,0.09263753064288448
362,0.1028571428571432,0,0.0,0.0,0.19693793171894836,0.0,0.05473739867339766,-0.0011732220657839918,0.21603432095395295,0.09308587302939232,0.21504262271039862,0.09226706708515936
363,0.11142857142857165,0,0.0,0.0,0.19693793171894836,0.0,0.055389142915166646,-0.0011985106482155015,0.2171232040962675,0.09271084036804614,0.21613404204473552,0.09190121250652386
364,0.1200000000000001,0,0.0,0.0,0.19693793171894836,0.0,0.05604622859120807,-0.0012240964345559316,0.21822849548986759,0.09234021829150141,0.21724209989284213,0.09153990138761199
365,0.12857142857142856,0,0.0,0.0,0.19693793171894836,0.0,0.056708880291953846,-0.0012499935991555102,0.21935061266977543,0.09197391987081809,0.21836724961105813,0.09118307265603764
366,0.13714285714285745,0,0.0,0.0,0.19693793171894836,0.0,0.057377328204496696,-0.0012762167400312472,0.22048998808958672,0.09161186052468573,0.2195099636547837,0.09083067002184322
367,0.1457142857142859,0,0.0,0.0,0.19693793171894836,0.0,0.05805180845634374,-0.0013027809069510224,0.22164706981222446,0.09125395793805519,0.22067073497739703,0.09048264237764989
368,0.15428571428571436,0,0.0,0.0,0.19693793171894836,0.0,0.0587325634751546,-0.0013297016309909008,0.22282232223999227,0.09090013198416569,0.22185007861865744,0.09013894428498183
369,0.1628571428571428,0,0.0,0.0,0.19693793171894836,0.0,0.059419842365723737,-0.0013569949556891704,0.22401622688658757,0.09055030464979902,0.2230485335181574,0.08979953657129382
370,0.1714285714285717,0,0.0,0.0,0.19693793171894836,0.0,0.060113901305551096,-0.0013846774699299534,0.22522928319393976,0.09020439996360638,0.2242666646004964,0.08946438706743372
371,0.18000000000000016,0,0.0,0.0,0.19693793171894836,0.0,0.06081500396044723,-0.0014127663426999246,0.22646200939697053,0.08986234392735691,0.22550506519275482,0.08913347152288968
372,0.1885714285714286,0,0.0,0.0,0.19693793171894836,0.0,0.061523421921722624,-0.0014412793598731549,0.22771494343961848,0.08952406444996923,0.22676435985268859,0.08880677474659157
373,0.1971428571428575,0,0.0,0.0,0.19693793171894836,0.0,0.06223943516662775,-0.001470234963191815,0.22898864394573912,0.08918949128419361,0.22804520770959522,0.08848429203504965
374,0.20571428571428596,0,0.0,0.0,0.19693793171894836,0.0,0.06296333254384161,-0.0014996522916247098,0.23028369124879156,0.08885855596581829,0.22934830645070708,0.08816603096832766
375,0.2142857142857144,0,0.0,0.0,0.19693793171894836,0.0,0.06369541228594448,-0.0015295512253009989,0.231600688484542,0.08853119175528205,0.23067439712690635,0.08785201367900537
376,0.22285714285714286,0,0.0,0.0,0.19693793171894836,0.0,0.06443598255096523,-0.0015599524322336602,0.23294026275136837,0.08820733358158156,0.23202427000528644,0.0875422797315528
377,0.23142857142857176,0,0.0,0.0,0.19693793171894836,0.0,0.06518536199526573,-0.001590877418066239,0.2343030663431384,0.08788691798836515,0.23339877176566529,0.08723688979074495
378,0.2400000000000002,0,0.0,0.0,0.19693793171894836,0.0,0.06594388038020771,-0.0016223485790972801,0.23568977806005684,0.08756988308211454,0.23479881442546074,0.08693593030829734
379,0.24857142857142867,0,0.0,0.0,0.19693793171894836,0.0,0.06671187921525461,-0.001654389258860043,0.2371011046033422,0.08725616848231796,0.23622538648011504,0.08663951951385325
380,0.2571428571428571,0,0.0,0.0,0.19693793171894836,0.0,0.06748971244038574,-0.0016870238085607502,0.23853778206010504,0.08694571527354364,0.2376795668506057,0.08634781504827332
381,0.265714285714286,0,0.0,0.0,0.19693793171894836,0.0,0.06827774715094667,-0.0017202776517069582,0.24000057748536172,0.08663846595932981,0.23916254229299358,0.08606102359208188
382,0.27428571428571447,0,0.0,0.0,0.19693793171894836,0.0,0.06907636436833518,-0.0017541773532892225,0.2414902905887336,0.08633436441780754,0.24067562883970817,0.0857794127430297
383,0.2828571428571429,0,0.0,0.0,0.19693793171894836,0.0,0.06988595986022132,-0.0017887506939141494,0.24300775553406548,0.08603335585898116,0.2422202973603347,0.0855033250126564
384,0.2914285714285718,0,0.0,0.0,0.19693793171894836,0.0,0.07070694501433362,-0.0018240267493257935,0.2445538428609441,0.08573538678359104,0.24379820192656576,0.0852331927892249
385,0.30000000000000027,0,0.0,0.0,0.19693793171894836,0.0,0.07153974777021016,-0.0018600359757956018,0.2461294615379285,0.08544040494349098,0.2454112063487584,0.08496955080329938
386,0.3085714285714287,0,0.0,0.0,0.19693793171894836,0.0,0.07238481361371864,-0.0018968103019092407,0.24773556115821652,0.08514835930347234,0.24706139749795392,0.08471303808123175
387,0.31714285714285717,0,0.0,0.0,0.19693793171894836,0.0,0.07324260663960033,-0.0019343832273323435,0.24937313428948743,0.08485920000447299,0.24875106265487995,0.08446437398520808
388,0.32571428571428607,0,0.0,0.0,0.19693793171894836,0.0,0.07411361068778839,-0.001972789929197076,0.2510432189907775,0.08457287832811075,0.2504825950897143,0.0842242850996749
389,0.3342857142857145,0,0.0,0.0,0.19693793171894836,0.0,0.07499833055980379,-0.0020120673768184473,0.25274690151049056,0.08428934666248526,0.25225829273164796,0.08399336216958855
390,0.34285714285714297,0,0.0,0.0,0.19693793171894836,0.0,0.0758972933221459,-0.002052254455524192,0.2544853191810243,0.08400855846919239,0.25414814310402395,0.08383939063354638
391,0.3514285714285714,0,0.0,0.0,0.19693793171894836,0.0,0.07681104970427358,-0.0020933921004660043,0.25625966352702323,0.08373046825150136,0.2598172182751475,0.08735810264052733
392,0.3600000000000003,0,0.0,0.0,0.19693793171894836,0.0,0.07774017559953127,-0.0021355234413740582,0.25807118360597564,0.08345503152364504,0.26520747487985075,0.09049163190246538
393,0.36857142857142877,0,0.0,0.0,0.19693793171894836,0.0,0.07868527367822031,-0.0021786939593226888,0.2599211896017705,0.08318220478117584,0.2703611435812582,0.09328789169494721
394,0.3771428571428572,0,0.0,0.0,0.19693793171894836,0.0,0.07964697512295306,-0.0022229516566939357,0.2618110566939428,0.08291194547234387,0.2753153366712249,0.09578868060859635
395,0.3857142857142857,0,0.0,0.0,0.19693793171894836,0.0,0.08062594149748456,-0.0022683472416599993,0.2637422292277071,0.08264421197045334,0.2801012558174136,0.09802897411580887
396,0.3942857142857146,0,0.0,0.0,0.19693793171894836,0.0,0.08162286676138458,-0.0023149343286566915,0.2657162252125118,0.08237896354715898,0.2847464706490784,0.10003926684821673
397,0.402857142857143,0,0.0,0.0,0.19693793171894836,0.0,0.08263847944423669,-0.002362769656491161,0.26773464117981205,0.08211616034666107,0.28927463246538115,0.10184537473837926
398,0.4114285714285715,0,0.0,0.0,0.19693793171894836,0.0,0.08367354499451941,-0.0024119133259203965,0.26979915743407057,0.08185576336076426,0.29370648678013017,0.10346952844841678
399,0.4200000000000004,0,0.0,0.0,0.19693793171894836,0.0,0.08472886831998334,-0.0024624290587563578,0.27191154373471393,0.08159773440476452,0.29806040090806174,0.1049309780068269
400,0.4285714285714288,0,0.0,0.0,0.19693793171894836,0.0,0.08580529653819866,-0.002514384480802388,0.27407366545095774,0.08134203609412989,0.30235277194054666,0.10624646742231247
401,0.4371428571428573,0,0.0,0.0,0.19693793171894836,0.0,0.08690372195804047,-0.0025678514312085466,0.2762874902361155,0.08108863182194354,0.30659835725314183,0.10743062020984821
402,0.44571428571428573,0,0.0,0.0,0.19693793171894836,0.0,0.088025085315239,-0.002622906301155598,0.2785550952733063,0.08083748573707862,0.3108105465985869,0.10849625549973595
403,0.4542857142857146,0,0.0,0.0,0.19693793171894836,0.0,0.08917037928778616,-0.0026796304051451805,0.2808786751504648,0.08058856272307457,0.315001589094964,0.10945464931475223
404,0.4628571428571431,0,0.0,0.0,0.19693793171894836,0.0,0.09034065231999576,-0.002738110388593426,0.28326055042930737,0.08034182837768848,0.31918278472801315,0.11031575200796744
405,0.47142857142857153,0,0.0,0.0,0.19693793171894836,0.0,0.0915370127874257,-0.002798438675906495,0.2857031769805735,0.08009724899309238,0.3233646475608888,0.11108837028951957
406,0.48,0,0.0,0.0,0.19693793171894836,0.0,0.09276063353872141,-0.0028607139637675276,0.28820915616650994,0.07985479153669332,0.3275570461901205,0.11178032040421125
407,0.4885714285714289,0,0.0,0.0,0.19693793171894836,0.0,0.0940127568548258,-0.0029250417649982403,0.29078124596142035,0.0796144236325496,0.33176932581370433,0.11239855763491913
408,0.49714285714285733,0,0.0,0.0,0.19693793171894836,0.0,0.09529469987097318,-0.002991535009087441,0.29342237311226965,0.07937611354335981,0.3360104154182427,0.1129492862564659
409,0.5057142857142858,0,0.0,0.0,0.19693793171894836,0.0,0.09660786051254755,-0.0030603147063194315,0.2961356464540585,0.07913983015300424,0.3402889229461772,0.1134380532564619
410,0.5142857142857147,0,0.0,0.0,0.19693793171894836,0.0,0.09795372400233988,-0.0031315106834067124,0.2989243715091715,0.0789055429496133,0.3446132208100478,0.1138698285095188
411,0.5228571428571431,0,0.0,0.0,0.19693793171894836,0.0,0.09933387000409702,-0.003205262399655573,0.301792066516444,0.07867322200914599,0.3489915237386281,0.11424907359472626
412,0.5314285714285716,0,0.0,0.0,0.19693793171894836,0.0,0.10074998047567499,-0.003281719853997488,0.30474248005459315,0.07844283797945514,0.35343196064267984,0.11457980105144858
413,0.54,0,0.0,0.0,0.19693793171894836,0.0,0.10220384831471908,-0.0033610445947340186,0.3077796104462539,0.0782143620648232,0.35794264195751896,0.11486562555219103
414,0.5485714285714289,0,0.0,0.0,0.19693793171894836,0.0,0.10369738689082826,-0.00344341084560784,0.3109077271536429,0.07798776601094744,0.36253172374199605,0.1151098082161571
415,0.5571428571428574,0,0.0,0.0,0.19693793171894836,0.0,0.1052326405707812,-0.0035290067638701125,0.31413139440522225,0.07776302209036014,0.36720746967925366,0.115315295080153
416,0.5657142857142858,0,0.0,0.0,0.19693793171894836,0.0,0.10681179635791518,-0.0036180358484209207,0.31745549732533285,0.07754010308826219,0.3719783120262089,0.11548475057466924
417,0.5742857142857143,0,0.0,0.0,0.19693793171894836,0.0,0.10843719678338945,-0.003710718518916506,0.32088527087615115,0.07731898228875943,0.3768529124911146,0.11562058671454105
418,0.5828571428571432,0,0.0,0.0,0.19693793171894836,0.0,0.11011135420621367,-0.0038072938900436284,0.3244263319643267,0.07709963346148062,0.3818402239775033,0.11572498859954711
419,0.5914285714285716,0,0.0,0.0,0.19693793171894836,0.0,0.11183696670091473,-0.003908021769047426,0.3280847151140644,0.07688203084856579,0.3869495541160657,0.11579993672590812
420,0.6000000000000001,0,0.0,0.0,0.19693793171894836,0.0,0.11361693573701788,-0.004013184909176126,0.33186691216524594,0.07666614915200785,0.392190631511158,0.11584722653111328
421,0.6085714285714285,0,0.0,0.0,0.19693793171894836,0.0,0.11545438588357358,-0.004123091557103905,0.3357799165204501,0.07645196352133536,0.3975736756551075,0.11586848552890855
422,0.6171428571428574,0,0.0,0.0,0.19693793171894836,0.0,0.11735268680534425,-0.004238078338770662,0.33983127253971085,0.07623944954162053,0.40310947151051835,0.11586518833619634
423,0.6257142857142859,0,0.0,0.0,0.19693793171894836,0.0,0.11931547785550421,-0.0043585135356204435,0.34402913076775204,0.07602858322180207,0.4088094498284721,0.11583866984717574
424,0.6342857142857143,0,0.0,0.0,0.19693793171894836,0.0,0.12134669561343735,-0.004484800812151917,0.34838230977665363,0.07581934098330796,0.41468577435931514,0.11579013677071119
425,0.6428571428571432,0,0.0,0.0,0.19693793171894836,0.0,0.12345060476600259,-0.00461738346627694,0.3529003655187406,0.07561169964896648,0.4207514372231801,0.11572067771356546
426,0.6514285714285717,0,0.0,0.0,0.19693793171894836,0.0,0.12563183278702295,-0.004756749286525278,0.3575936692111297,0.0754056364321943,0.42702036384018227,0.11563127196371645
427,0.6600000000000001,0,0.0,0.0,0.19693793171894836,0.0,0.12789540893307327,-0.004903436114990532,0.36247349491560027,0.07520112892644965,0.43350752897557904,0.11552279710396497
428,0.6685714285714286,0,0.0,0.0,0.19693793171894836,0.0,0.1302468081439352,-0.0050580382324899725,0.3675521181353393,0.07499815509493866,0.4402290856326889,0.11539603556561086
429,0.6771428571428575,0,0.0,0.0,0.19693793171894836,0.0,0.1326920005127867,-0.0052212137031572336,0.37284292692239324,0.07479669326056498,0.44720250872330547,0.11525168021462613
430,0.6857142857142859,0,0.0,0.0,0.19693793171894836,0.0,0.1352375070727048,-0.005393692840073534,0.37836054717274487,0.07459672209611276,0.45444675565632364,0.11509033904731186
431,0.6942857142857144,0,0.0,0.0,0.19693793171894836,0.0,0.1378904627291631,-0.005576287982031168,0.38412098397259203,0.07439822061464993,0.46198244619912854,0.11491253905743436
432,0.7028571428571428,0,0.0,0.0,0.19693793171894836,0.0,0.14065868724688063,-0.005769904804480543,0.39014178103612623,0.07420116816014535,0.4698320641639982,0.11471872932044459
433,0.7114285714285717,0,0.0,0.0,0.19693793171894836,0.0,0.1435507652633312,-0.005975555425288236,0.39644220041875455,0.07400554439828738,0.4780201836228056,0.11450928332185703
434,0.7200000000000002,0,0.0,0.0,0.19693793171894836,0.0,0.14657613633308145,-0.006194373607804663,0.4030434247612659,0.07381132930749526,0.4865737224107498,0.11428450053889273
435,0.7285714285714286,0,0.0,0.0,0.19693793171894836,0.0,0.14974519597846675,-0.006427632408701327,0.4099687842560768,0.07361850317011527,0.49552222557177095,0.11404460727656074
436,0.7371428571428575,0,0.0,0.0,0.19693793171894836,0.0,0.15306940858681606,-0.0066767646632760165,0.41724401022278323,0.07342704656378896,0.504898181008481,0.1137897567770292
437,0.745714285714286,0,0.0,0.0,0.19693793171894836,0.0,0.1565614326782041,-0.006943386740795156,0.4248975164699498,0.07323694035298917,0.5147373687263173,0.11352002867478131
438,0.7542857142857144,0,0.0,0.0,0.19693793171894836,0.0,0.1602352584513093,-0.0072293260263816056,0.4329607082355292,0.07304816568071057,0.5250792433443073,0.11323542793752923
439,0.7628571428571429,0,0.0,0.0,0.19693793171894836,0.0,0.1641063564069565,-0.0075366525749262355,0.44146831600958153,0.07286070396031002,0.5359673463631237,0.112935883436695
440,0.7714285714285718,0,0.0,0.0,0.19693793171894836,0.0,0.1681918339417287,-0.007867715302949097,0.45045874725910684,0.0726745368674844,0.5474497390932219,0.11262124615919242
441,0.7800000000000002,0,0.0,0.0,0.19693793171894836,0.0,0.17251059360146884,-0.008225182877831602,0.4599744418813739,0.0724896463323806,0.5595794379362864,0.11229128699603465
442,0.7885714285714287,0,0.0,0.0,0.19693793171894836,0.0,0.17708348138317456,-0.008612089029334769,0.470062205304561,0.07230601453182742,0.572414819385301,0.11194569481700445
443,0.7971428571428572,0,0.0,0.0,0.19693793171894836,0.0,0.1819334047658194,-0.009031881171504332,0.4807734735951168,0.07212362388168135,0.5860199397477223,0.11158407797715662
444,0.805714285714286,0,0.0,0.0,0.19693793171894836,0.0,0.18708538589563026,-0.009488469683408328,0.4921644329123622,0.07194245702927904,0.6004646756099129,0.11120597392255686
445,0.8142857142857145,0,0.0,0.0,0.19693793171894836,0.0,0.1925664920274018,-0.009986272435933932,0.5042958632617476,0.07176249684598612,0.6158245154407047,0.11081086182523946
446,0.822857142857143,0,0.0,0.0,0.19693793171894836,0.0,0.1984055471092475,-0.010530244272615827,0.5172324906633698,0.07158372641983679,0.632179699117829,0.11039814690762607
447,0.8314285714285714,0,0.0,0.0,0.19693793171894836,0.0,0.20463246564435558,-0.011125872605189425,0.5310414908977902,0.07140612904825334,0.6496132384306045,0.10996709876646524
448,0.8400000000000003,0,0.0,0.0,0.19693793171894836,0.0,0.2112769466819048,-0.011779105395105911,0.5457895560055701,0.07122968823083897,0.668207232552348,0.10951690414570198
449,0.8485714285714288,0,0.0,0.0,0.19693793171894836,0.0,0.21836609565452506,-0.012496151980560598,0.5615375525686085,0.07105438766223533,0.6880365231130328,0.10904711215427178
450,0.8571428571428572,0,0.0,0.0,0.19693793171894836,0.0,0.22592026216282485,-0.013283052763175901,0.5783311727397362,0.07088021122503543,0.7091570545196791,0.10855783161376008
451,0.8657142857142861,0,0.0,0.0,0.19693793171894836,0.0,0.23394592617472032,-0.014144838164021189,0.596184955567117,0.0707071429827451,0.7315845906472381,0.10804858369571411
452,0.8742857142857146,0,0.0,0.0,0.19693793171894836,0.0,0.24242373762952696,-0.015083971650820639,0.6150554221352591,0.07053516717278234,0.7552627253385663,0.10752025330813299
453,0.882857142857143,0,0.0,0.0,0.19693793171894836,0.0,0.25128870245500146,-0.01609757252299725,0.6347965703657845,0.07036426819950761,0.7800093035322966,0.1069776765218457
454,0.8914285714285715,0,0.0,0.0,0.19693793171894836,0.0,0.26039796263418685,-0.017172628418977716,0.6550875041841397,0.0701944306272753,0.805413163676367,0.1064169419096281
455,0.9000000000000004,0,0.0,0.0,0.19693793171894836,0.0,0.26947994300123984,-0.018278090605209688,0.6753182095510458,0.07002563917349706,0.8307210595896324,0.10585728994380245
456,0.9085714285714288,0,0.0,0.0,0.19693793171894836,0.0,0.2780583182499614,-0.019352693536590495,0.6944187728963581,0.06985787870170819,0.8545885820822368,0.10530528727831796
457,0.9171428571428573,0,0.0,0.0,0.19693793171894836,0.0,0.2853498874085962,-0.020288496178886777,0.7106299917892657,0.06969113421462733,0.8748201075886821,0.10478444381279932
458,0.9257142857142857,0,0.0,0.0,0.19693793171894836,0.0,0.29015777312725105,-0.020914691112914992,0.7212634844329301,0.06952539084719944,0.8880641390870152,0.10433239025240997
459,0.9342857142857146,0,0.0,0.0,0.19693793171894836,0.0,0.290836595514681,-0.020997150100683794,0.7226234648456149,0.06936063385961173,0.8897051830734186,0.10399222172966706
460,0.9428571428571431,0,0.0,0.0,0.19693793171894836,0.0,0.28549172621119584,-0.020284124164183022,0.7104542975347474,0.0691968486302734,0.874433941412912,0.10382417651783454
461,0.9514285714285715,0,0.0,0.0,0.19693793171894836,0.0,0.27259371832324814,-0.018623712298691166,0.681320599735239,0.06903402064874554,0.8379520350081172,0.10387967431207136
462,0.9600000000000004,0,0.0,0.0,0.19693793171894836,0.0,0.2519156069268286,-0.016110946551369937,0.6347125596111917,0.06887213550861296,0.7795933859725176,0.10417577685373121
463,0.9685714285714289,0,0.0,0.0,0.19693793171894836,0.0,0.22513511799327596,-0.013123066992025659,0.5743985882663152,0.06871117890028396,0.7040043878552721,0.10465871226196756
464,0.9771428571428573,0,0.0,0.0,0.19693793171894836,0.0,0.1953571710748199,-0.010151546943963228,0.5073527887957592,0.0685511366037064,0.619812181267088,0.10518970216051976
465,0.9857142857142858,0,0.0,0.0,0.19693793171894836,0.0,0.16579640805981613,-0.007566242084820908,0.4407957172820925,0.0683919944809885,0.5359253878763124,0.10554263414951091
466,0.9942857142857147,0,0.0,0.0,0.19693793171894836,0.0,0.13870068450460277,-0.005515329758635196,0.3797763820582681,0.06823373846890755,0.45849832456276834,0.10540982398578701
467,1.0028571428571427,0,0.0,0.0,0.19693793171894836,0.0,0.11510882894048846,-0.003977958142357317,0.3266281345908489,0.06807635457129742,0.3901748105910325,0.10434071889437396
468,1.0114285714285716,0,0.0,0.0,0.19693793171894836,0.0,0.09517131114698044,-0.002859025532175192,0.28168893874787765,0.06791982885129359,0.33078736568549977,0.10151670508208392
469,1.0200000000000005,0,0.0,0.0,0.19693793171894836,0.0,0.07857066976332994,-0.002053485498063872,0.24424571457706415,0.06776414742342735,0.2779168417404937,0.0950041854477131
470,1.0285714285714285,0,0.0,0.0,0.19693793171894836,0.0,0.06482025315604767,-0.0014731391290365855,0.21320535531500723,0.06760929644554621,0.22504741485969834,0.07856097767485465
471,1.0371428571428574,0,0.0,0.0,0.19693793171894836,0.0,0.0534229991840677,-0.001051886712942868,0.18745137066417306,0.06745526211054592,0.18821209454303095,0.06804962727841782
472,1.0457142857142863,0,0.0,0.0,0.19693793171894836,0.0,0.04393762844443498,-0.0007427081982797541,0.1659925667914667,0.06730203063789705,0.16641188063999254,0.06770110827513884
473,1.0542857142857143,0,0.0,0.0,0.19693793171894836,0.0,0.035996673837586785,-0.0005128871578806167,0.14800354344072694,0.06714958826494259,0.1481698316050472,0.0673729102298354
474,1.0628571428571432,0,0.0,0.0,0.19693793171894836,0.0,0.02930350178771572,-0.000339795659623301,0.1328180031357255,0.06699792123794976,0.13279582689532415,0.06706297121078089
475,1.071428571428572,0,0.0,0.0,0.19693793171894836,0.0,0.0236220639703294,-0.00020773746364659257,0.11990573200633543,0.0668470158028895,0.11974142607748615,0.06676819132966413
476,1.08,0,0.0,0.0,0.19693793171894836,0.0,0.018765474035239506,-0.000105738662981861,0.10884694137703771,0.06669685819592686,0.10857366679326211,0.06648541332634281
477,1.088571428571429,0,0.0,0.0,0.19693793171894836,0.0,0.014585734459827769,-2.6045988723724623e-05,0.09930919272106344,0.06654743463358706,0.09895121751325588,0.06621220611646418
478,1.097142857142857,1,1.3056677730165467,0.0,0.19693793171894836,0.25713551072996405,0.010965255327944722,3.6883238218756494e-05,0.09102834754926106,0.06639873130258092,0.07695696567643823,0.05162839441033026
479,1.1057142857142859,1,3.314764031439127,0.0,0.19693793171894836,0.6528027724879848,0.007810130566252255,8.706016519630164e-05,0.08379346481290334,0.06625073434925122,0.05689173110207419,0.03539767752089033
480,1.1142857142857148,1,4.830177172811282,0.0,0.19693793171894836,0.9512451022495312,0.005044911994226114,0.00012742329504833487,0.07743506262133848,0.06610342986861965,0.04600291517878491,0.026679713546662577
481,1.1228571428571428,1,6.057933040563732,0.0,0.19693793171894836,1.1930368035005015,0.002608583404259619,0.00016015116736228693,0.0718160754076833,0.06595680389298933,0.039173609799457346,0.021245609977519595
482,1.1314285714285717,1,7.093120539562388,0.0,0.19693793171894836,1.3969044884946078,0.00045146730866031946,0.000186877555111958,0.06682490600446774,0.06581084238007702,0.034495790578425806,0.017551107348434868
483,1.1400000000000006,1,7.992841060162826,0.0,0.19693793171894836,1.5740935869467534,-0.001467154211668798,0.00020884118263439955,0.06237008169878594,0.06566553120063315,0.031079005684338846,0.014878676519441842
484,1.1485714285714286,1,8.793881060065667,0.0,0.19693793171894836,1.7318487477517654,-0.0031808754437779945,0.00022699105644459716,0.05837613042914547,0.06552085612550776,0.0284576470071544,0.012853788443216605
485,1.1571428571428575,1,9.520734899381862,0.0,0.19693793171894836,1.8749938395286738,-0.004717590390239476,0.00024206139892812416,0.05478038371875805,0.06537680281212016,0.0263680409532888,0.011264397168318995
486,1.1657142857142855,1,10.190156494431973,0.0,0.19693793171894836,2.006828343905842,-0.006100602275030435,0.00025462554351440543,0.051530484543916635,0.0652333567902838,0.024651144715915427,0.009982364649464302
487,1.1742857142857144,1,10.813899256546673,0.0,0.19693793171894836,2.129666953401375,-0.00734949351746534,0.00026513511182822236,0.04858243322654112,0.065090503447334,0.02320591006154775,0.008925932555868462
488,1.1828571428571433,1,11.400412793811181,0.0,0.19693793171894836,2.2451737163554117,-0.008480812061007929,0.0002739487847517078,0.04589904582059482,0.0649482280125058,0.021965270922190305,0.008040479613453657
489,1.1914285714285713,1,11.955918076878373,0.0,0.19693793171894836,2.354573777861613,-0.00950861616723968,0.0002813536394450925,0.04344873040627981,0.06480651554049865,0.020883029474889465,0.0072880556157846445
490,1.2000000000000002,1,12.485103145859933,0.0,0.19693793171894836,2.4587903908433906,-0.010444909513960416,0.00028758112194606796,0.04120450977680911,0.06466535089416427,0.019926329070858704,0.006641394868522771
491,1.208571428571429,1,12.991581813676206,0.0,0.19693793171894836,2.558535252142896,-0.011299990777117028,0.0002928191111520899,0.039143236206445706,0.06452471872624975,0.01907114561908313,0.006080338700083253
492,1.217142857142857,1,13.478201200804929,0.0,0.19693793171894836,2.6543690677783687,-0.012082736152167258,0.0002972211083319141,0.037244956845649976,0.06438460346011213,0.018299484904906172,0.005589613570763174
493,1.225714285714286,1,13.947251051060078,0.0,0.19693793171894836,2.7467427751607003,-0.012800828977637811,0.0003009132938072837,0.035492397931570836,0.0642449892693319,0.01759758244996818,0.005157402799775895
494,1.2342857142857149,1,14.400608217164635,0.0,0.19693793171894836,2.8360259977832953,-0.013460947390145458,0.0003039999875781625,0.033870543264996646,0.06410586005612648,0.016954713094865903,0.004774399508688911
495,1.2428571428571429,1,14.83983778032574,0.0,0.19693793171894836,2.9225269595020604,-0.014068918492722862,0.0003065679058332463,0.03236628790217665,0.06396719942846886,0.0163623828826831,0.00443316071751349
496,1.2514285714285718,1,15.2662648267771,0.0,0.19693793171894836,3.0065066200592114,-0.014629845656186176,0.0003086895019684477,0.030968152192477012,0.0638289906758034,0.015813767322115303,0.004127655414591244
497,1.2599999999999998,1,15.68102616174886,0.0,0.19693793171894836,3.08818885952554,-0.01514821414890502,0.0003104256063853664,0.029666044492196172,0.06369121674324597,0.01530331245405032,0.0038529409297508007
498,1.2685714285714287,1,16.0851081610431,0.0,0.19693793171894836,3.1677679327114046,-0.015627979194853307,0.00031182752538565526,0.028451063345460253,0.06355386020413441,0.01482644599637315,0.0036049262973342315
499,1.2771428571428576,1,16.479374922704594,0.0,0.19693793171894836,3.245414013298547,-0.016072639712698573,0.00031293872000396424,0.02731533182588069,0.06341690323079531,0.014379364519579925,0.003380195983537775
500,1.2857142857142856,1,16.864589506814774,0.0,0.19693793171894836,3.3212773767611807,-0.01648530033008811,0.0003137961565190188,0.026251858211949697,0.06328032756337365,0.01395887419439148,0.003175876436973318
501,1.2942857142857145,1,17.24143011284667,0.0,0.19693793171894836,3.395491586300817,-0.01686872375252948,0.0003144313987645896,0.02525441832536369,0.06314411447655517,0.01356227000003009,0.0029895336677729888
502,1.3028571428571434,1,17.610502434286047,0.0,0.19693793171894836,3.4681759259397995,-0.017225375161840657,0.00031487149618927043,0.024317455769851132,0.06300824474400549,0.013187243008233611,0.002819093738883125
503,1.3114285714285714,1,17.972349143115245,0.0,0.19693793171894836,3.5394372683759303,-0.0175574599997886,0.00031513970943105647,0.023435997025372995,0.06287269860031783,0.012831808394633406,0.0026627803682076536
504,1.3200000000000003,1,18.25051337172916,0.0,0.19693793171894836,3.5942183562373513,-0.017866956239105364,0.00031466266962489617,0.022605578921795346,0.06273745570025194,0.012321957747686697,0.0025499534707506626
505,1.3285714285714292,1,18.502128892182647,0.0,0.19693793171894836,3.643770996423848,-0.018155642041996777,0.00031396431994802366,0.021822186470000792,0.06260249507502508,0.011795866220219343,0.002453029674928619
506,1.3371428571428572,1,18.74985273840054,0.0,0.19693793171894836,3.6925572183354625,-0.018425119544365893,0.00031323049737534876,0.021082199392004,0.06246779508537822,0.011302485538278433,0.0023619832675712176
507,1.345714285714286,1,18.99389178465572,0.0,0.19693793171894836,3.7406177633636224,-0.018676835373706686,0.0003124640637908882,0.020382345984227123,0.062333333371133434,0.01083913527237086,0.0022763389221229233
508,1.354285714285714,1,19.23444061824337,0.0,0.19693793171894836,3.7879909531277796,-0.01891209840332505,0.0003116675807866102,0.01971966318455906,0.062199086796909636,0.010403405919187075,0.002195670672729326
509,1.362857142857143,1,19.4716829943306,0.0,0.19693793171894836,3.8347129759904877,-0.019132095160075656,0.0003108433421602113,0.01909146190576918,0.06206503139363556,0.00999312615399025,0.0021195952637718275
510,1.3714285714285719,1,19.70579221344013,0.0,0.19693793171894836,3.8808179613982565,-0.019337903233150634,0.0003099934020982572,0.018495296854268938,0.06193114229547197,0.009606334745454078,0.002047766535771702
511,1.38,1,19.936930465751455,0.0,0.19693793171894836,3.926337850749581,-0.019530502974444548,0.00030911959966299835,0.01792894018120117,0.06179739367168417,0.009241256356800561,0.001979870583260456
512,1.3885714285714288,1,20.0,0.0,0.19693793171894836,3.938758634378967,-0.019710787734211747,0.00030822358010093966,0.017390358417961084,0.06166375865299229,0.008944193170808535,0.0019648661041009523
513,1.3971428571428577,1,20.0,0.0,0.19693793171894836,3.938758634378967,-0.01987957283710722,0.00030730681340781916,0.0168776922349222,0.06153020925183785,0.008679541719206683,0.001969307129781224
514,1.4057142857142857,1,20.0,0.0,0.19693793171894836,3.938758634378967,-0.020037603471769232,0.00030637061051611963,0.016389238633834614,0.061396716275973984,0.008427484464858095,0.001974053550129438
515,1.4142857142857146,1,20.0,0.0,0.19693793171894836,3.938758634378967,-0.02018556164055643,0.0003054161374136363,0.015923435243893176,0.06126324923469038,0.00818719939042719,0.001979086748136186
516,1.4228571428571435,1,20.0,0.0,0.19693793171894836,3.938758634378967,-0.020324072293946078,0.00030444442745391543,0.015478846441068634,0.06112977623692785,0.007957931555881878,0.001984389044851485
517,1.4314285714285715,1,20.0,0.0,0.19693793171894836,3.938758634378967,-0.020453708755608917,0.00030345639207898177,0.015054151051725292,0.06099626388043156,0.007738986986481855,0.0019899444041773014
518,1.4400000000000004,1,20.0,0.0,0.19693793171894836,3.938758634378967,-0.020574997528661817,0.0003024528301408574,0.014648131436299996,0.06086267713099803,0.00752972701344031,0.0019957387430210418
519,1.4485714285714284,1,20.0,0.0,0.19693793171894836,3.938758634378967,-0.020688422560543717,0.00030143443597961325,0.014259663778032535,0.06072897919075979,0.007329563078679662,0.0020017599527321975
520,1.4571428571428573,1,20.0,0.0,0.19693793171894836,3.938758634378967,-0.020794429032930908,0.000300401806391032,0.013887709426372645,0.060595131354313166,0.007137952025442371,0.002007997770362453
521,1.4657142857142862,1,20.0,0.0,0.19693793171894836,3.938758634378967,-0.020893426733758536,0.0002993554465958213,0.013531307165536797,0.060461092851343885,0.0069543918679215765,0.0020144435973968324
522,1.4742857142857142,1,20.0,0.0,0.19693793171894836,3.938758634378967,-0.020985793060481348,0.0002982957753042304,0.01318956629635662,0.06032682067425159,0.006778418008404641,0.0020210903178060277
523,1.482857142857143,1,20.0,0.0,0.19693793171894836,3.938758634378967,-0.021071875696911012,0.00029722312895366935,0.012861660434600663,0.06019226938905181,0.006609599858823792,0.002027932137269876
524,1.491428571428572,1,20.0,0.0,0.19693793171894836,3.938758634378967,-0.021151995000177348,0.0002961377651831401,0.01254682194176088,0.060057390927637115,0.006447537821497543,0.002034964449849008
525,1.5,1,20.0,0.0,0.19693793171894836,3.938758634378967,-0.02122644612935622,0.00029503986559550286,0.012244336915259392,0.05992213435920305,0.0062918605865488865,0.002042183731555907
526,1.508571428571429,1,20.0,0.0,0.19693793171894836,3.938758634378967,-0.021295500943002893,0.0002939295378472639,0.011953540674407511,0.059786445638352934,0.006142222707940001,0.002049587457877268
527,1.5171428571428578,1,20.0,0.0,0.19693793171894836,3.938758634378967,-0.02135940968908207,0.0002928068170950757,0.011673813686527753,0.05965026732705757,0.00599830242482412,0.0020571740418806176
528,1.5257142857142858,1,20.0,0.0,0.19693793171894836,3.938758634378967,-0.021418402507521524,0.000291671666818215,0.011404577884579976,0.05951353828724337,0.0058597996993163814,0.0020649427898863705
529,1.5342857142857147,1,20.0,0.0,0.19693793171894836,3.938758634378967,-0.021472690762745023,0.00029052397902684196,0.011145293333625208,0.05937619334032583,0.00572643444566647,0.0020728938722736987
530,1.5428571428571427,1,20.0,0.0,0.19693793171894836,3.938758634378967,-0.021522468220991242,0.0002893635738564869,0.010895455208647922,0.05923816288946764,0.005597944929151724,0.0020810283075817435
531,1.5514285714285716,1,20.0,0.0,0.19693793171894836,3.938758634378967,-0.02156791208495727,0.0002881901985399112,0.010654591050734926,0.05909937249972282,0.005474086315843116,0.0020893479586000666
532,1.5600000000000005,1,20.0,0.0,0.19693793171894836,3.938758634378967,-0.021609183896235187,0.0002870035257377338,0.010422258272520005,0.05895974243048997,0.0053546293568218035,0.002097855539602684
533,1.5685714285714285,1,20.0,0.0,0.19693793171894836,3.938758634378967,-0.021646430314137936,0.0002858031511992989,0.010198041887177762,0.05881918711386633,0.0052393591924745015,0.002106554634267802
534,1.5771428571428574,1,20.0,0.0,0.19693793171894836,3.938758634378967,-0.021679783777719588,0.00028458859071391746,0.009981552438230415,0.05867761457145195,0.005128074264270593,0.00211544972416619
535,1.5857142857142863,1,20.0,0.0,0.19693793171894836,3.938758634378967,-0.021709363056157234,0.00028335927630125825,0.009772424109987084,0.058534925761029616,0.005020585322926489,0.0021245462280128614
536,1.5942857142857143,1,20.0,0.0,0.19693793171894836,3.938758634378967,-0.021735273690997984,0.000282114551575731,0.00957031300071978,0.05839101384309434,0.004916714523179983,0.0021338505521602334
537,1.6028571428571432,1,20.0,0.0,0.19693793171894836,3.938758634378967,-0.021757608332183858,0.0002808536662050892,0.009374895542644255,0.058245763355596655,0.004816294596520258,0.002143370153107181
538,1.611428571428572,1,20.0,0.0,0.19693793171894836,3.938758634378967,-0.021776446968103724,0.00027957576936594867,0.0091858670545198,0.058099049283273765,0.004719168094204199,0.0021531136130906693
539,1.62,1,20.0,0.0,0.19693793171894836,3.938758634378967,-0.02179185704820572,0.0002782799020792082,0.009002940414219715,0.057950736005626134,0.004625186693751209,0.0021630907301586804
540,1.628571428571429,1,20.0,0.0,0.19693793171894836,3.938758634378967,-0.021803893494851626,0.00027696498828478575,0.008825844839954909,0.05780067610476756,0.004534210562846491,0.002173312624477142
541,1.637142857142857,1,20.0,0.0,0.19693793171894836,3.938758634378967,-0.021812598599066514,0.0002756298244878495,0.008654324770047307,0.05764870901103678,0.00444610777525516,0.0021837918630482
542,1.645714285714286,1,20.0,0.0,0.19693793171894836,3.938758634378967,-0.02181800179257975,0.00027427306777633306,0.008488138832178017,0.05749465946021526,0.004360753773910665,0.002194542605496542
543,1.6542857142857148,1,20.0,0.0,0.19693793171894836,3.938758634378967,-0.021820119285934844,0.00027289322197044096,0.008327058893985845,0.05733833573126592,0.00427803087686387,0.002205580774168095
544,1.6628571428571428,1,20.0,0.0,0.19693793171894836,3.938758634378967,-0.021818953559466142,0.000271488621619084,0.008170869187706929,0.057179527627629734,0.004197827822220396,0.002216924252470979
545,1.6714285714285717,1,20.0,0.0,0.19693793171894836,3.938758634378967,-0.02181449269035809,0.0002700574135015921,0.00801936550228327,0.057018004157807785,0.004120039348594876,0.002228593116247605
546,1.6800000000000006,1,20.0,0.0,0.19693793171894836,3.938758634378967,-0.02180670949480448,0.0002685975352261632,0.007872354437021825,0.05685351086218096,0.004044565807965666,0.0022406099039871904
547,1.6885714285714286,1,20.0,0.0,0.19693793171894836,3.938758634378967,-0.021795560459165312,0.00026710669043378754,0.007729652711460869,0.05668576672209335,0.003971312808122504,0.0022529999329748435
548,1.6971428571428575,1,20.0,0.0,0.19693793171894836,3.938758634378967,-0.02178098442783781,0.00026558232001654293,0.007591086526628897,0.05651446057387164,0.003900190882187202,0.0022657916700447108
549,1.7057142857142855,1,20.0,0.0,0.19693793171894836,3.938758634378967,-0.021762901007937208,0.00026402156863560033,0.00745649097333253,0.05633924693378579,0.003831115182929958,0.002279017167583849
550,1.7142857142857144,1,20.0,0.0,0.19693793171894836,3.938758634378967,-0.021741208641517976,0.00026242124567333464,0.007325709483528392,0.05615974111933901,0.003764005199829618,0.0022927125779028993
551,1.7228571428571433,1,20.0,0.0,0.19693793171894836,3.938758634378967,-0.021715782284367165,0.0002607777795661681,0.007198593321210391,0.0559755135263752,0.0036987844970298393,0.0023069187622145023
552,1.7314285714285713,1,20.0,0.0,0.19693793171894836,3.938758634378967,-0.021686470615799498,0.0002590871642322936,0.007075001109561249,0.05578608288900955,0.0036353804705147276,0.0023216820144265787
553,1.7400000000000002,1,20.0,0.0,0.19693793171894836,3.938758634378967,-0.021653092685459896,0.000257344896018122,0.00695479839143162,0.055590908308320745,0.0035737241229959367,0.002337054925019124
554,1.748571428571429,1,20.0,0.0,0.19693793171894836,3.938758634378967,-0.02161543387982163,0.0002555458992240805,0.006837857220462354,0.05538937978362018,0.0035137498551392927,0.0023530974167811688
555,1.7571428571428571,1,20.0,0.0,0.19693793171894836,3.938758634378967,-0.02157324106131696,0.0002536844378134114,0.006724055780420629,0.055180806913542775,0.003455395271894659,0.002369877992601272
556,1.765714285714286,1,20.0,0.0,0.19693793171894836,3.938758634378967,-0.021526216694911705,0.0002517540103311021,0.006613278030526581,0.05496440534877474,0.0033986010028001904,0.0023874752464572847
557,1.774285714285715,1,20.0,0.0,0.19693793171894836,3.938758634378967,-0.02147401172775859,0.0002497472243298423,0.006505413374745904,0.054739280467974494,0.0033433105352319893,0.002405979703100545
558,1.782857142857143,1,20.0,0.0,0.19693793171894836,3.938758634378967,-0.021416216923779808,0.0002476556456721161,0.006400356353205162,0.05450440760535419,0.003289470059657837,0.0024254960708617523
559,1.7914285714285718,1,20.0,0.0,0.19693793171894836,3.938758634378967,-0.021352352271800743,0.00024546961689491894,0.0062980063540376665,0.054258607971597365,0.0032370283260131543,0.002446146017164805
560,1.7999999999999998,1,20.0,0.0,0.19693793171894836,3.938758634378967,-0.021281853976720555,0.000243178037315048,0.006198267344120173,0.054000519164804195,0.0031859365103727674,0.002468071609979805
561,1.8085714285714287,1,20.0,0.0,0.19693793171894836,3.938758634378967,-0.021204058399275,0.00024076809562562394,0.006101047617285074,0.05372855884498993,0.0031361480911071262,0.0024914396137980513
562,1.8171428571428576,1,20.0,0.0,0.19693793171894836,3.938758634378967,-0.021118182119227395,0.00023822494327553937,0.0060062595587143915,0.053440879717401024,0.00308761873370869,0.0025164468902656822
563,1.8257142857142856,1,20.0,0.0,0.19693793171894836,3.938758634378967,-0.021023297043159618,0.0002355312937999062,0.005913819424331026,0.053135313400252855,0.003040306183421283,0.0025433272377037713
564,1.8342857142857145,1,20.0,0.0,0.19693793171894836,3.938758634378967,-0.02091829913952459,0.00023266692933093057,0.0058236471340920165,0.0528092999922383,0.00299417016469536,0.002572360119426385
565,1.8428571428571434,1,20.0,0.0,0.19693793171894836,3.938758634378967,-0.020801868931462974,0.00022960809062842465,0.005735666078191402,0.05245979913964214,0.0029491722863138584,0.002603881890744622
566,1.8514285714285714,1,20.0,0.0,0.19693793171894836,3.938758634378967,-0.020672421274817984,0.00022632672105648882,0.0056498029352456845,0.05208317704837785,0.0029052759507360547,0.0026383003567717915
567,1.8600000000000003,1,20.0,0.0,0.19693793171894836,3.938758634378967,-0.020528041149128314,0.0002227895281271013,0.0055659875016196006,0.051675062090205184,0.0028624462657857236,0.00267611380246868
568,1.8685714285714292,1,20.0,0.0,0.19693793171894836,3.938758634378967,-0.020366401143167154,0.0002189568191465914,0.0054841525311116026,0.05123015930249929,0.0028206499562006427,0.002717936066195337
569,1.8771428571428572,1,20.0,0.0,0.19693793171894836,3.938758634378967,-0.02018465498294649,0.00021478106181203644,0.005404233584281403,0.050742011085427245,0.002779855271739447,0.0027645298207026815
570,1.8857142857142861,1,20.0,0.0,0.19693793171894836,3.938758634378967,-0.019979299835683063,0.00021020512025020659,0.005326168886754661,0.05020268777420555,0.0027400318874723113,0.002816851027286355
571,1.8942857142857141,1,20.0,0.0,0.19693793171894836,3.938758634378967,-0.019745998374031418,0.00020516013054828482,0.005249899195900952,0.049602387835225706,0.0027011507905996737,0.0028761085708121255
572,1.902857142857143,1,20.0,0.0,0.19693793171894836,3.938758634378967,-0.019479350201057642,0.0001995630252196929,0.005175367675309603,0.04892892432656787,0.002663184146733788,0.00294384432323252
573,1.911428571428572,1,20.0,0.0,0.19693793171894836,3.938758634378967,-0.019172602549033066,0.00019331382954823197,0.00510251977655104,0.04816707496564711,0.0026261051373861408,0.003022040051300817
574,1.92,1,20.0,0.0,0.19693793171894836,3.938758634378967,-0.018817295359938493,0.00018629310532834362,0.005031303127736513,0.047297784815088985,0.002589887760006313,0.0031132577975653388
575,1.9285714285714288,1,20.0,0.0,0.19693793171894836,3.938758634378967,-0.018402853059602754,0.0001783604416320734,0.004961667428428576,0.04629724924082354,0.0025545065834193205,0.003220817208799662
576,1.9371428571428577,1,20.0,0.0,0.19693793171894836,3.938758634378967,-0.017916179489818714,0.0001693559150892451,0.0048935643504936475,0.04513600396941537,0.0025199364565160758,0.0033490007696708626
577,1.9457142857142857,1,20.0,0.0,0.19693793171894836,3.938758634378967,-0.017341412117163307,0.00015910828755010434,0.004826947444504803,0.04377837291042845,0.0024861521785156135,0.0035032423501015404
578,1.9542857142857146,1,20.0,0.0,0.19693793171894836,3.938758634378967,-0.016660192395875555,0.00014745661482213195,0.004761772051348869,0.04218307534380794,0.0024531281565801457,0.0036901682449232364
579,1.9628571428571435,1,20.0,0.0,0.19693793171894836,3.938758634378967,-0.015853153237441322,0.00013429525382056633,0.004697995218699523,0.040306566917246385,0.00242083810034642,0.003917179485386444
580,1.9714285714285715,1,20.0,0.0,0.19693793171894836,3.938758634378967,-0.014903741239090024,0.00011965222205703048,0.0046355756220530075,0.03811162486854239,0.0023892548277561734,0.004190966486957358
581,1.9800000000000004,1,20.0,0.0,0.19693793171894836,3.938758634378967,-0.013805495986015702,0.0001037973007351255,0.004574473490043867,0.035583698360905185,0.002358350270543265,0.004514096609625403
582,1.9885714285714284,1,20.0,0.0,0.19693793171894836,3.938758634378967,-0.012572265461278962,8.733568921398839e-05,0.004514650533769751,0.03275385376267725,0.0023280957543673772,0.00487932758396132
583,1.9971428571428573,1,20.0,0.0,0.19693793171894836,3.938758634378967,-0.011246471967123332,7.11880945932457e-05,0.004456069879886255,0.02971734108561672,0.002298462575523673,0.005263790403827019
584,2.0057142857142862,1,20.0,0.0,0.19693793171894836,3.938758634378967,-0.00989643952685685,5.637211818197096e-05,0.004398696007234455,0.02662759086331491,0.002269422809001603,0.005628967188773968
585,2.0142857142857142,1,20.0,0.0,0.19693793171894836,3.938758634378967,-0.008598441451981445,4.366181252136802e-05,0.004342494686795022,0.02365589022097311,0.0022409501932285788,0.005931462891916226
586,2.022857142857143,1,20.0,0.0,0.19693793171894836,3.938758634378967,-0.007413218181359484,3.336373957772099e-05,0.004287432924763948,0.020938638345807028,0.0022130208917933466,0.006139643527303941
587,2.031428571428572,1,20.0,0.0,0.19693793171894836,3.938758634378967,-0.00637285415886328,2.5351389239299458e-05,0.004233478908564718,0.0185478699222284,0.002185613963218109,0.006243568082292828
588,2.04,1,20.0,0.0,0.19693793171894836,3.938758634378967,-0.005482817417708531,1.925926492123848e-05,0.004180601955627897,0.016495836294460758,0.0021587114666175005,0.006252592852107212
589,2.048571428571429,1,20.0,0.0,0.19693793171894836,3.938758634378967,-0.004731822522831795,1.4667115302915516e-05,0.004128772464770632,0.014757159073127739,0.002132298246779694,0.006186279571283812
590,2.057142857142858,1,20.0,0.0,0.19693793171894836,3.938758634378967,-0.004101375904432624,1.1201212257697909e-05,0.004077961870028679,0.01329027034697945,0.0021063615233454717,0.006066086697616643
591,2.065714285714286,1,20.0,0.0,0.19693793171894836,3.938758634378967,-0.0035718387096032767,8.566213519887037e-06,0.004028142596796493,0.012051030717638373,0.0020808904237492112,0.005910762978131815
592,2.0742857142857147,1,20.0,0.0,0.19693793171894836,3.938758634378967,-0.003125326263029985,6.690130795313508e-06,0.003979288020146319,0.010999241883685479,0.002055875548043103,0.005682643995075882
593,2.0828571428571427,1,20.0,0.0,0.19693793171894836,3.938758634378967,-0.0027466783870039937,5.8795901980174e-06,0.003931372425202343,0.01010082608603549,0.0020313085713793153,0.005219264865448524
594,2.0914285714285716,1,20.0,0.0,0.19693793171894836,3.938758634378967,-0.002423491881590015,5.187771229202408e-06,0.0038843709694479753,0.009327899025597195,0.0020071818472662045,0.004820498276249085
595,2.1000000000000005,1,20.0,0.0,0.19693793171894836,3.938758634378967,-0.002145787047141718,4.593311160528238e-06,0.00383825964686846,0.00865802078672174,0.0019834880158961805,0.004474809502726816
596,2.1085714285714285,1,20.0,0.0,0.19693793171894836,3.938758634378967,-0.0019055843122288399,4.079128774846301e-06,0.003793015253817581,0.00807324484557915,0.001960219685160303,0.0041729700524860336
597,2.1171428571428574,1,20.0,0.0,0.19693793171894836,3.938758634378967,-0.0016965052729914028,3.6315703437144276e-06,0.003748615356518088,0.0075592219119131965,0.0019373692451794251,0.0039075983119790806
598,2.1257142857142863,1,20.0,0.0,0.19693793171894836,3.938758634378967,-0.0015134353487882978,3.2396875018828997e-06,0.003705038260105468,0.007104442171824733,0.0019149288151657806,0.003672771008280854
599,2.1342857142857143,1,20.0,0.0,0.19693793171894836,3.938758634378967,-0.0013522524048362634,2.8946563319315885e-06,0.0036622629791320032,0.006699625703818337,0.0018928902774508329,0.003463710591831252
600,2.1428571428571432,1,20.0,0.0,0.19693793171894836,3.938758634378967,-0.0012096136694806402,2.589321235466469e-06,0.003620269209447328,0.006337243834755092,0.0018712453503821913,0.003276539703334061
601,2.1514285714285712,1,20.0,0.0,0.19693793171894836,3.938758634378967,-0.0010827902719523692,2.3178407416035368e-06,0.003579037301392262,0.006011147459909103,0.0018499856683417723,0.0031080904353099543
602,2.16,1,20.0,0.0,0.19693793171894836,3.938758634378967,-0.0009695392422637695,2.075413507594979e-06,0.0035385482342232145,0.005716279509864155,0.001829102853601838,0.002955756706487592
603,2.168571428571429,1,20.0,0.0,0.19693793171894836,3.938758634378967,-0.0008680044402029952,1.8580662456152677e-06,0.003498783591711595,0.005448452397702011,0.0018085885750266613,0.002817379941896655
604,2.177142857142857,1,20.0,0.0,0.19693793171894836,3.938758634378967,-0.0007766396382783998,1.6624890726992927e-06,0.003459725538854205,0.005204175228412212,0.001788434593614669,0.002691160271811793
605,2.185714285714286,1,20.0,0.0,0.19693793171894836,3.938758634378967,-0.0006941485280150215,1.4859070871188212e-06,0.003421356799633364,0.004980519021751212,0.0017686327967833375,0.0025755872356348518
606,2.194285714285715,1,20.0,0.0,0.19693793171894836,3.938758634378967,-0.00061943766720005,1.3259796463920267e-06,0.0033836606357767,0.004775011003423406,0.0017491752237415814,0.0024693854093750522
607,2.202857142857143,1,20.0,0.0,0.19693793171894836,3.938758634378967,-0.0005515793542493262,1.1807208954706027e-06,0.0033466208264633225,0.004585551195018533,0.0017300540841385928,0.0023714714874899945
608,2.2114285714285717,1,20.0,0.0,0.19693793171894836,3.938758634378967,-0.0004897821520420769,1.0484366695190649e-06,0.0033102216489281373,0.004410346186705814,0.0017112617718549699,0.0022809201956728586
609,2.2200000000000006,1,20.0,0.0,0.19693793171894836,3.938758634378967,-0.0004333673372812651,9.276740809830101e-07,0.003274447859919327,0.004247856220405138,0.0016927908754737096,0.0021969370478271914
610,2.2285714285714286,1,20.0,0.0,0.19693793171894836,3.938758634378967,-0.0003817499664160435,8.171809889549975e-07,0.0032392846779646586,0.004096752643261233,0.0016746341866948871,0.0021188364379604455
611,2.2371428571428575,1,20.0,0.0,0.19693793171894836,3.938758634378967,-0.0003344235596937934,7.158732135750612e-07,0.003204717766408672,0.003955883488753109,0.0016567847077347806,0.0020460239152697013
612,2.2457142857142856,1,20.0,0.0,0.19693793171894836,3.938758634378967,-0.0002909476380507004,6.228078572697942e-07,0.003170733217179304,0.0038242454664385184,0.0016392356585352415,0.0019779817592193412
613,2.2542857142857144,1,20.0,0.0,0.19693793171894836,3.938758634378967,-0.00025093752292932583,5.371614700545154e-07,0.0031373175352498784,0.0037009610352686084,0.0016219804843100299,0.001914257173319112
614,2.2628571428571433,1,20.0,0.0,0.19693793171894836,3.938758634378967,-0.00021405594172546648,4.582120799986495e-07,0.0031044576237649023,0.0035852595332821415,0.0016050128633743048,0.0018544525685644626
615,2.2714285714285714,1,20.0,0.0,0.19693793171894836,3.938758634378967,-0.00018000608236386434,3.853243257229411e-07,0.0030721407697887264,0.0034764615628843183,0.0015883267139342877,0.0017982175221650618
616,2.2800000000000002,1,20.0,0.0,0.19693793171894836,3.938758634378967,-0.00014852581738730624,3.179370923785037e-07,0.0030403546306577893,0.0033739660036324897,0.0015719161958295217,0.0017452420824507243
617,2.288571428571429,1,20.0,0.0,0.19693793171894836,3.938758634378967,-0.00011938287708137038,2.5555317914900837e-07,0.003009087220899639,0.0032772391572658856,0.0015557756978616096,0.0016952511523218134
618,2.297142857142857,1,20.0,0.0,0.19693793171894836,3.938758634378967,-9.237079674839394e-05,1.9773062391091114e-07,0.002978326899695306,0.0031858056321344033,0.0015398997920803926,0.0016479997249248853
619,2.305714285714286,1,20.0,0.0,0.19693793171894836,3.938758634378967,-6.73054986906593e-05,1.4407538656388709e-07,0.0029480623588571016,0.00309924065379545,0.001524283124512883,0.00160326877277484
620,2.314285714285715,1,20.0,0.0,0.19693793171894836,3.938758634378967,-4.402239710443805e-05,9.423515171385334e-08,0.0029182826112992867,0.003017163550640296,0.0015089202090648349,0.0015608616242996174
621,2.322857142857143,1,20.0,0.0,0.19693793171894836,3.938758634378967,-2.2373935819594885e-05,4.7894057913147614e-08,0.0028889769799781127,0.002939232212226112,0.0014938051312566232,0.0015206007447522362
622,2.331428571428572,1,19.997378642654223,0.0,0.19693793171894836,3.9382423896849934,-2.2274859242943067e-06,4.768197277362507e-09,0.0028601350872781896,0.0028651383564105007,0.001479058160875023,0.0014824508102528292
623,2.34,0,0.0,0.0,0.19693793171894836,0.0,1.6536456078274267e-05,-3.5398241573459183e-08,0.0028317468448254913,0.0027946034719529946,0.002817448264386793,0.002766144121271183
624,2.3485714285714288,0,0.0,0.0,0.19693793171894836,0.0,3.4025818098415536e-05,-7.283629110621317e-08,0.0028038024437071,0.0027273753275862756,0.002789723473500409,0.002699704720545624
625,2.3571428571428577,0,0.0,0.0,0.19693793171894836,0.0,5.0338290127389186e-05,-1.077550683102686e-07,0.002776292345079695,0.0026632249580219544,0.0027624232541413173,0.0026362989114222224
626,2.3657142857142857,0,0.0,0.0,0.19693793171894836,0.0,6.556248259366043e-05,-1.4034425429613e-07,0.0027492072711478074,0.0026019440530860925,0.0027355374361219607,0.0025757199149816826
627,2.3742857142857146,0,0.0,0.0,0.19693793171894836,0.0,7.977893263328728e-05,-1.7077624833630876e-07,0.002722538196496736,0.0025433426888171223,0.0027090571494395076,0.0025177804895397463
628,2.3828571428571435,0,0.0,0.0,0.19693793171894836,0.0,9.306098088472888e-05,-1.9920804474839352e-07,0.002696276339761467,0.002487247349721507,0.002682974411404079,0.002462310380916046
629,2.3914285714285715,0,0.0,0.0,0.19693793171894836,0.0,0.00010547553770624078,-2.2578287307407498e-07,0.002670413155620884,0.0024334991997281784,0.0026572817255466163,0.002409154081408088
630,2.4000000000000004,0,0.0,0.0,0.19693793171894836,0.0,0.00011708375462597135,-2.506316353975572e-07,0.0026449403270996453,0.0023819525663122568,0.0026319718278623792,0.002358169019813595
631,2.4085714285714293,0,0.0,0.0,0.19693793171894836,0.0,0.000127941614326873,-2.738741692780906e-07,0.0026198497581614473,0.0023324736078933327,0.0026070375664591413,0.002309224115742658
632,2.4171428571428573,0,0.0,0.0,0.19693793171894836,0.0,0.0001381004504041983,-2.956203603524156e-07,0.002595133566591309,0.0022849391392640406,0.0025824718614944667,0.0022621985939932196
633,2.425714285714286,0,0.0,0.0,0.19693793171894836,0.0,0.0001476074063672322,-3.1597112488229873e-07,0.002570784077138695,0.002239235593746093,0.0025582677031610154,0.0022169809795776004
634,2.434285714285714,0,0.0,0.0,0.19693793171894836,0.0,0.00015650584197856953,-3.3501927957185314e-07,0.0025467938149273148,0.0021952581039008543,0.0025344181637561645,0.002173468223964093
635,2.442857142857143,0,0.0,0.0,0.19693793171894836,0.0,0.0001648356937858629,-3.5285031332841957e-07,0.0025231554991028706,0.002152909685368405,0.0025109164125149156,0.002131564933327538
636,2.451428571428572,0,0.0,0.0,0.19693793171894836,0.0,0.0001726337957255977,-3.695430735528945e-07,0.0024998620367253075,0.002112100510635406,0.0024877557287394077,0.002091182680800676
637,2.46,0,0.0,0.0,0.19693793171894836,0.0,0.00017993416482990296,-3.851703777289768e-07,0.0024769065168815064,0.0020727472614072377,0.002464929511906847,0.0020522393905569834
638,2.468571428571429,0,0.0,0.0,0.19693793171894836,0.0,0.00018676825634910584,-3.9979955954319255e-07,0.002454282205015634,0.002034772549894609,0.0024424312887663525,0.002014658784682889
639,2.4771428571428578,0,0.0,0.0,0.19693793171894836,0.0,0.00019316519202954707,-4.134929575405809e-07,0.0024319825374667313,0.0019981044006047964,0.00242025471787385,0.0019783698854851763
640,2.4857142857142858,0,0.0,0.0,0.19693793171894836,0.0,0.0001991519647551887,-4.2630835318427505e-07,0.002410001116209141,0.0019626757854261647,0.002398393592101962,0.001943306567054065
641,2.4942857142857147,0,0.0,0.0,0.19693793171894836,0.0,0.0002047536223355309,-4.3829936427529547e-07,0.0023883317037754134,0.001928424205735689,0.0023768418395948903,0.0019094071506886561
642,2.5028571428571436,0,0.0,0.0,0.19693793171894836,0.0,0.00020999343287371895,-4.4951579894255277e-07,0.0023669682183691835,0.0018952913160701702,0.002355593523577516,0.00187661403942258
643,2.5114285714285716,0,0.0,0.0,0.19693793171894836,0.0,0.00021489303379739643,-4.6000397466103357e-07,0.0023459047291475134,0.0018632225846628044,0.0023346428413125904,0.0018448733874916756
644,2.5200000000000005,0,0.0,0.0,0.19693793171894836,0.0,0.00021947256641463851,-4.698070062846986e-07,0.002325135451675288,0.0018321669866646546,0.002313984122449782,0.0018141348009767099
645,2.5285714285714285,0,0.0,0.0,0.19693793171894836,0.0,0.00022375079757060528,-4.789650664669512e-07,0.0023046547435362236,0.0018020767264965098,0.0022936118269330863,0.001784351066381314
646,2.5371428571428574,0,0.0,0.0,0.19693793171894836,0.0,0.00022774522983716694,-4.875156215345715e-07,0.002284457100103523,0.001772906986117006,0.0022735205426076934,0.0017554779041720923
647,2.5457142857142863,0,0.0,0.0,0.19693793171894836,0.0,0.00023147220145245333,-4.954936454201527e-07,0.0022645371504532476,0.0017446156964567216,0.002253704982612759,0.0017274737447152185
648,2.5542857142857143,0,0.0,0.0,0.19693793171894836,0.0,0.0002349469771009484,-5.02931813987637e-07,0.0022448896534231137,0.001717163329571198,0.0022341599826418467,0.0017002995243056056
649,2.562857142857143,0,0.0,0.0,0.19693793171894836,0.0,0.00023818383049141204,-5.098606818001324e-07,0.0022255094938071767,0.001690512709353151,0.002214880498121051,0.0016739184992403387
650,2.571428571428572,0,0.0,0.0,0.19693793171894836,0.0,0.00024119611957560964,-5.163088431345075e-07,0.0022063916786822357,0.0016646288389062886,0.0021958616013464057,0.0016482960761267768
651,2.58,0,0.0,0.0,0.19693793171894836,0.0,0.0002439963551545107,-5.223030788410785e-07,0.002187531333858023,0.0016394787428956317,0.002177098478607805,0.0016233996568095932
652,2.588571428571429,0,0.0,0.0,0.19693793171894836,0.0,0.00024659626353771815,-5.278684904735353e-07,0.002168923700450005,0.001615031323377777,0.002158586427325516,0.0015991984964764735
653,2.597142857142858,0,0.0,0.0,0.19693793171894836,0.0,0.00024900684383891077,-5.330286229366175e-07,0.002150564131570027,0.0015912572277973693,0.002140320853215578,0.001575663573673484
654,2.605714285714286,0,0.0,0.0,0.19693793171894836,0.0,0.0002512384204319902,-5.378055767747069e-07,0.002132448089123851,0.0015681287279602075,0.0021222972674900227,0.0015527674710779427
655,2.6142857142857148,0,0.0,0.0,0.19693793171894836,0.0,0.0002533006910346993,-5.422201111005017e-07,0.002114571140721539,0.0015456196089405731,0.002104511284110691,0.0015304842660162456
656,2.6228571428571428,0,0.0,0.0,0.19693793171894836,0.0,0.0002552027708332462,-5.462917380489996e-07,0.0020969289566871584,0.0015237050669803928,0.002086958617093677,0.0015087894298097125
657,2.6314285714285717,0,0.0,0.0,0.19693793171894836,0.0,0.00025695323301884107,-5.500388095507529e-07,0.0020795173071697487,0.0015023616155490176,0.002069635077875064,0.0014876597351381523
658,2.6400000000000006,0,0.0,0.0,0.19693793171894836,0.0,0.0002585601460721155,-5.534785971435785e-07,0.0020623320593501923,0.0014815669988036805,0.0020525365727382954,0.0014670731706790464
659,2.6485714285714286,0,0.0,0.0,0.19693793171894836,0.0,0.00026003110808407373,-5.566273654406193e-07,0.002045369174735915,0.0014613001117941618,0.0020356591003020184,0.0014470088623807472
660,2.6571428571428575,0,0.0,0.0,0.19693793171894836,0.0,0.0002613732783913677,-5.59500439849394e-07,0.0020286247065509698,0.001441540926795272,0.002018998749078871,0.0014274470007661507
661,2.6657142857142864,0,0.0,0.0,0.19693793171894836,0.0,0.00026259340676002045,-5.621122690430107e-07,0.0020120947972053775,0.0014222704252251626,0.002002551695093765,0.0014083687737358748
662,2.6742857142857144,0,0.0,0.0,0.19693793171894836,0.0,0.00026369786033327534,-5.644764826452297e-07,0.001995775675848917,0.0014034705346701773,0.001986314199569386,0.0013897563044010697
663,2.6828571428571433,0,0.0,0.0,0.19693793171894836,0.0,0.0002646926485385716,-5.666059445467896e-07,0.0019796636560021376,0.0013851240705710383,0.0019702826066742445,0.0013715925935087823
664,2.6914285714285713,0,0.0,0.0,0.19693793171894836,0.0,0.00026558344613132606,-5.685128022333531e-07,0.001963755133266194,0.0013672146821728894,0.0019544533413369107,0.0013538614660696677
665,2.7,0,0.0,0.0,0.19693793171894836,0.0,0.0002663756145344211,-5.702085324652049e-07,0.0019480465831036827,0.0013497268023744096,0.0019388229071204141,0.00133654752182945
666,2.708571428571429,0,0.0,0.0,0.19693793171894836,0.0,0.0002670742216137107,-5.717039836090634e-07,0.0019325345586888787,0.001332645601159292,0.001923387884156586,0.0013196360892728661
667,2.717142857142857,0,0.0,0.0,0.19693793171894836,0.0,0.0002676840600202668,-5.730094149018306e-07,0.0019172156888294385,0.0013159569423184972,0.0019081449271435727,0.0013031131828732923
668,2.725714285714286,0,0.0,0.0,0.19693793171894836,0.0,0.00026820966421940874,-5.741345329032442e-07,0.0019020866759500955,0.0012996473431841743,0.0018930907633982347,0.0012869654633133251
669,2.734285714285715,0,0.0,0.0,0.19693793171894836,0.0,0.00026865532631463294,-5.750885253688732e-07,0.0018871442941419264,0.0012837039371360048,0.0018782221909677892,0.0012711802004408143
670,2.742857142857143,0,0.0,0.0,0.19693793171894836,0.0,0.000269025110755342,-5.758800927337527e-07,0.0018723853872703285,0.001268114438673399,0.0018635360767945556,0.0012557452387569907
671,2.751428571428572,0,0.0,0.0,0.19693793171894836,0.0,0.0002693228680290466,-5.765174774221624e-07,0.001857806867142764,0.0012528671108284876,0.0018490293549356983,0.0012406489652148469
672,2.7600000000000007,0,0.0,0.0,0.19693793171894836,0.0,0.00026955224740822005,-5.770084911337771e-07,0.0018434057117343162,0.0012379507347603297,0.001834699024836278,0.001225880279170737
673,2.7685714285714287,0,0.0,0.0,0.19693793171894836,0.0,0.0002697167088311223,-5.773605402759788e-07,0.001829178963464538,0.0012233545813456364,0.0018205421496499297,0.0012114285643068984
674,2.7771428571428576,0,0.0,0.0,0.19693793171894836,0.0,0.00026981953398058287,-5.775806496792997e-07,0.0018151237275299513,0.001209068384626646,0.0018065558546116456,0.00119728366238772
675,2.7857142857142856,0,0.0,0.0,0.19693793171894836,0.0,0.0002698638366250854,-5.776754847337406e-07,0.0018012371702859937,0.001195082316965451,0.0017927373254570608,0.0011834358487009713
676,2.7942857142857145,0,0.0,0.0,0.19693793171894836,0.0,0.00026985257227231445,-5.776513720533291e-07,0.001787516517677977,0.0011813869657916205,0.0017790838068880216,0.001169875809072513
677,2.8028571428571434,0,0.0,0.0,0.19693793171894836,0.0,0.0002697885471960019,-5.775143187991528e-07,0.0017739590537199736,0.0011679733118054392,0.001765592601083694,0.0011565946183185395
678,2.8114285714285714,0,0.0,0.0,0.19693793171894836,0.0,0.00026967442687064215,-5.772700307348661e-07,0.001760562119018418,0.0011548327085558654,0.0017522610662543303,0.0011435837200556125
679,2.8200000000000003,0,0.0,0.0,0.19693793171894836,0.0,0.00026951274386870564,-5.769239291316094e-07,0.001747323109340326,0.0011419568632704117,0.0017390866152377476,0.0011308349077471765
680,2.828571428571429,0,0.0,0.0,0.19693793171894836,0.0,0.0002693059052519291,-5.76481166589943e-07,0.0017342394742247487,0.001129337818864658,0.0017260667141375064,0.0011183403069151515
681,2.837142857142857,0,0.0,0.0,0.19693793171894836,0.0,0.00026905619949831305,-5.759466418679017e-07,0.0017213087156341235,0.0011169679370345111,0.0017131988809996402,0.0011060923584211612
682,2.845714285714286,0,0.0,0.0,0.19693793171894836,0.0,0.00026876580299083194,-5.753250137708506e-07,0.0017085283866456928,0.0011048398823730087,0.0017004806845283401,0.0010940838027593575
683,2.854285714285715,0,0.0,0.0,0.19693793171894836,0.0,0.00026843678611080714,-5.746207141950687e-07,0.001695896090182784,0.0010929466074149643,0.001687909742840723,0.0010823076652656885
684,2.862857142857143,0,0.0,0.0,0.19693793171894836,0.0,0.00026807111894838027,-5.738379603516944e-07,0.0016834094777798078,0.001081281338575384,0.0016754837222547924,0.0010707572422095388
685,2.871428571428572,0,0.0,0.0,0.19693793171894836,0.0,0.0002676706766713813,-5.729807662594207e-07,0.00167106624838706,0.0010698375628949714,0.0016632003361170937,0.001059426087682028
686,2.88,0,0.0,0.0,0.19693793171894836,0.0,0.0002672372445639087,-5.720529535301766e-07,0.0016588641472082008,0.0010586090155602114,0.0016510573436631752,0.001048308001248526
687,2.888571428571429,0,0.0,0.0,0.19693793171894836,0.0,0.0002667725227687309,-5.710581615207951e-07,0.0016468009645695815,0.0010475896681205346,0.0016390525489108172,0.0010373970162883192
688,2.8971428571428577,0,0.0,0.0,0.19693793171894836,0.0,0.00026627813074016273,-5.699998568649239e-07,0.0016348745348261536,0.0010367737173924022,0.001627183799591003,0.0010266873890112762
689,2.9057142857142857,0,0.0,0.0,0.19693793171894836,0.0,0.00026575561144127376,-5.688813424576462e-07,0.001623082735294856,0.0010261555749651332,0.0016154489861084206,0.0010161735880662671
690,2.9142857142857146,0,0.0,0.0,0.19693793171894836,0.0,0.00026520643529090335,-5.677057659045335e-07,0.001611423485219999,0.0010157298573006865,0.0016038460405363925,0.0010058502847338489
691,2.9228571428571435,0,0.0,0.0,0.19693793171894836,0.0,0.0002646320038820943,-5.664761274813941e-07,0.001599894744767305,0.0010054913763755525,0.0015923729356436221,0.0009957123436511053
692,2.9314285714285715,0,0.0,0.0,0.19693793171894836,0.0,0.0002640336534884,-5.651952876399366e-07,0.001588494514047623,0.0009954351308287636,0.0015810276839524344,0.0009857548140342093
693,2.9400000000000004,0,0.0,0.0,0.19693793171894836,0.0,0.00026341265836637653,-5.63865974077147e-07,0.001577220832166984,0.0009855562975940577,0.0015698083368229023,0.0009759729213802952
694,2.9485714285714293,0,0.0,0.0,0.19693793171894836,0.0,0.0002627702338718761,-5.624907884060822e-07,0.0015660717763018978,0.000975850223975512,0.0015587129835526,0.0009663620596167392
695,2.9571428571428573,0,0.0,0.0,0.19693793171894836,0.0,0.00026210753940492836,-5.610722124597382e-07,0.001555045460804229,0.0009663124201377712,0.0015477397504770902,0.0009569177836893347
696,2.965714285714286,0,0.0,0.0,0.19693793171894836,0.0,0.0002614256811801106,-5.59612614221355e-07,0.001544140036325969,0.0009569385520081443,0.0015368868000220155,0.0009476358026255355
697,2.974285714285714,0,0.0,0.0,0.19693793171894836,0.0,0.00026072571485412344,-5.581142534490532e-07,0.0015333536889728207,0.0009477244345282696,0.0015261523296510532,0.000938511973075039
698,2.982857142857143,0,0.0,0.0,0.19693793171894836,0.0,0.0002600086480009925,-5.565792869742958e-07,0.0015226846394771018,0.0009386660252673309,0.0015155345706276055,0.00092954229341007
699,2.991428571428572,0,0.0,0.0,0.19693793171894836,0.0,0.00025927544245658705,-5.55009773720609e-07,0.0015121311423981164,0.0009297594183562948,0.0015050317866059262,0.0009207228983343997
700,3.0,0,0.0,0.0,0.19693793171894836,0.0,0.000258527016529167,-5.534076794355182e-07,0.0015016914853362407,0.0009210008387367698,0.0014946422722984536,0.000912050053732692
